tau_true,category,tau_pred,TP,FP,TN,FN,Precision,Recall,TPR,FPR,prevalence
0.5,BULLYING_HARASSMENT,0.0,8062,91938,0,0,0.08062,1.0,1.0,1.0,0.08062
0.5,BULLYING_HARASSMENT,0.01,7698,38800,53138,364,0.16555550776377478,0.9548499131729099,0.9548499131729099,0.422023537601427,0.08062
0.5,BULLYING_HARASSMENT,0.02,7620,36040,55898,442,0.17453046266605587,0.9451748945671049,0.9451748945671049,0.3920033065761709,0.08062
0.5,BULLYING_HARASSMENT,0.03,7300,28586,63352,762,0.20342194727748983,0.9054825105432895,0.9054825105432895,0.3109269290173813,0.08062
0.5,BULLYING_HARASSMENT,0.04,7281,28170,63768,781,0.20538207666920538,0.9031257752418754,0.9031257752418754,0.30640214057299486,0.08062
0.5,BULLYING_HARASSMENT,0.05,7218,26800,65138,844,0.21218178611323418,0.8953113371371868,0.8953113371371868,0.2915007940133568,0.08062
0.5,BULLYING_HARASSMENT,0.06,7022,23841,68097,1040,0.22752162783916016,0.8709997519225998,0.8709997519225998,0.25931606082359854,0.08062
0.5,BULLYING_HARASSMENT,0.07,7022,23841,68097,1040,0.22752162783916016,0.8709997519225998,0.8709997519225998,0.25931606082359854,0.08062
0.5,BULLYING_HARASSMENT,0.08,7022,23836,68102,1040,0.2275584937455441,0.8709997519225998,0.8709997519225998,0.2592616763471035,0.08062
0.5,BULLYING_HARASSMENT,0.09,7022,23835,68103,1040,0.22756586836050166,0.8709997519225998,0.8709997519225998,0.25925079945180446,0.08062
0.5,BULLYING_HARASSMENT,0.1,7022,23834,68104,1040,0.22757324345346125,0.8709997519225998,0.8709997519225998,0.25923992255650546,0.08062
0.5,BULLYING_HARASSMENT,0.11,6922,22152,69786,1140,0.23808213524110888,0.8585958819151576,0.8585958819151576,0.24094498466357764,0.08062
0.5,BULLYING_HARASSMENT,0.12,6921,22132,69806,1141,0.23821980518362992,0.8584718432150831,0.8584718432150831,0.24072744675759752,0.08062
0.5,BULLYING_HARASSMENT,0.13,6920,22107,69831,1142,0.23839873221483446,0.8583478045150087,0.8583478045150087,0.24045552437512235,0.08062
0.5,BULLYING_HARASSMENT,0.14,6920,22100,69838,1142,0.23845623707787733,0.8583478045150087,0.8583478045150087,0.24037938610802934,0.08062
0.5,BULLYING_HARASSMENT,0.15,6511,17700,74238,1551,0.2689273470736442,0.8076159761845696,0.8076159761845696,0.1925210467924036,0.08062
0.5,BULLYING_HARASSMENT,0.16,6493,17583,74355,1569,0.26968765575677023,0.80538327958323,0.80538327958323,0.1912484500424199,0.08062
0.5,BULLYING_HARASSMENT,0.17,6493,17576,74362,1569,0.26976608916033074,0.80538327958323,0.80538327958323,0.19117231177532684,0.08062
0.5,BULLYING_HARASSMENT,0.18,6492,17573,74365,1570,0.2697693746104301,0.8052592408831556,0.8052592408831556,0.19113968108942983,0.08062
0.5,BULLYING_HARASSMENT,0.19,6491,17565,74373,1571,0.269828732956435,0.8051352021830811,0.8051352021830811,0.1910526659270378,0.08062
0.5,BULLYING_HARASSMENT,0.2,6093,14128,77810,1969,0.301320409475298,0.7557677995534606,0.7557677995534606,0.15366877678435467,0.08062
0.5,BULLYING_HARASSMENT,0.21,6014,13669,78269,2048,0.30554285423969924,0.7459687422475813,0.7459687422475813,0.14867628184211099,0.08062
0.5,BULLYING_HARASSMENT,0.22,6014,13669,78269,2048,0.30554285423969924,0.7459687422475813,0.7459687422475813,0.14867628184211099,0.08062
0.5,BULLYING_HARASSMENT,0.23,6014,13669,78269,2048,0.30554285423969924,0.7459687422475813,0.7459687422475813,0.14867628184211099,0.08062
0.5,BULLYING_HARASSMENT,0.24,6014,13669,78269,2048,0.30554285423969924,0.7459687422475813,0.7459687422475813,0.14867628184211099,0.08062
0.5,BULLYING_HARASSMENT,0.25,6011,13659,78279,2051,0.3055922724961871,0.745596626147358,0.745596626147358,0.14856751288912093,0.08062
0.5,BULLYING_HARASSMENT,0.26,5831,12462,79476,2231,0.3187558082326573,0.7232696601339618,0.7232696601339618,0.13554786921621093,0.08062
0.5,BULLYING_HARASSMENT,0.27,5831,12462,79476,2231,0.3187558082326573,0.7232696601339618,0.7232696601339618,0.13554786921621093,0.08062
0.5,BULLYING_HARASSMENT,0.28,5831,12462,79476,2231,0.3187558082326573,0.7232696601339618,0.7232696601339618,0.13554786921621093,0.08062
0.5,BULLYING_HARASSMENT,0.29,5774,12165,79773,2288,0.3218685545459613,0.7161994542297196,0.7161994542297196,0.1323174313124062,0.08062
0.5,BULLYING_HARASSMENT,0.3,5774,12165,79773,2288,0.3218685545459613,0.7161994542297196,0.7161994542297196,0.1323174313124062,0.08062
0.5,BULLYING_HARASSMENT,0.31,5739,11937,80001,2323,0.3246775288526816,0.7118580997271149,0.7118580997271149,0.12983749918423285,0.08062
0.5,BULLYING_HARASSMENT,0.32,5739,11937,80001,2323,0.3246775288526816,0.7118580997271149,0.7118580997271149,0.12983749918423285,0.08062
0.5,BULLYING_HARASSMENT,0.33,5739,11937,80001,2323,0.3246775288526816,0.7118580997271149,0.7118580997271149,0.12983749918423285,0.08062
0.5,BULLYING_HARASSMENT,0.34,5578,11167,80771,2484,0.3331143624962675,0.6918878690151328,0.6918878690151328,0.12146228980399834,0.08062
0.5,BULLYING_HARASSMENT,0.35,5374,10173,81765,2688,0.34566154241975944,0.6665839741999504,0.6665839741999504,0.11065065587678653,0.08062
0.5,BULLYING_HARASSMENT,0.36,5264,9676,82262,2798,0.3523427041499331,0.6529397171917638,0.6529397171917638,0.10524483891318062,0.08062
0.5,BULLYING_HARASSMENT,0.37,5264,9676,82262,2798,0.3523427041499331,0.6529397171917638,0.6529397171917638,0.10524483891318062,0.08062
0.5,BULLYING_HARASSMENT,0.38,5264,9675,82263,2798,0.3523662895776156,0.6529397171917638,0.6529397171917638,0.10523396201788161,0.08062
0.5,BULLYING_HARASSMENT,0.39,5264,9675,82263,2798,0.3523662895776156,0.6529397171917638,0.6529397171917638,0.10523396201788161,0.08062
0.5,BULLYING_HARASSMENT,0.4,5111,8919,83019,2951,0.3642908054169636,0.6339617960803771,0.6339617960803771,0.09701102917183319,0.08062
0.5,BULLYING_HARASSMENT,0.41,4856,7839,84099,3206,0.38251280031508467,0.6023319275613992,0.6023319275613992,0.08526398224890687,0.08062
0.5,BULLYING_HARASSMENT,0.42,4856,7839,84099,3206,0.38251280031508467,0.6023319275613992,0.6023319275613992,0.08526398224890687,0.08062
0.5,BULLYING_HARASSMENT,0.43,4856,7839,84099,3206,0.38251280031508467,0.6023319275613992,0.6023319275613992,0.08526398224890687,0.08062
0.5,BULLYING_HARASSMENT,0.44,4856,7839,84099,3206,0.38251280031508467,0.6023319275613992,0.6023319275613992,0.08526398224890687,0.08062
0.5,BULLYING_HARASSMENT,0.45,4856,7839,84099,3206,0.38251280031508467,0.6023319275613992,0.6023319275613992,0.08526398224890687,0.08062
0.5,BULLYING_HARASSMENT,0.46,4756,7525,84413,3306,0.3872648807100399,0.5899280575539568,0.5899280575539568,0.08184863712501904,0.08062
0.5,BULLYING_HARASSMENT,0.47,4721,7396,84542,3341,0.3896178922175456,0.5855867030513521,0.5855867030513521,0.08044551763144728,0.08062
0.5,BULLYING_HARASSMENT,0.48,4721,7395,84543,3341,0.3896500495212942,0.5855867030513521,0.5855867030513521,0.08043464073614827,0.08062
0.5,BULLYING_HARASSMENT,0.49,4684,7272,84666,3378,0.3917698226831716,0.5809972711485983,0.5809972711485983,0.07909678261437056,0.08062
0.5,BULLYING_HARASSMENT,0.5,4684,7272,84666,3378,0.3917698226831716,0.5809972711485983,0.5809972711485983,0.07909678261437056,0.08062
0.5,BULLYING_HARASSMENT,0.51,4684,7272,84666,3378,0.3917698226831716,0.5809972711485983,0.5809972711485983,0.07909678261437056,0.08062
0.5,BULLYING_HARASSMENT,0.52,4684,7272,84666,3378,0.3917698226831716,0.5809972711485983,0.5809972711485983,0.07909678261437056,0.08062
0.5,BULLYING_HARASSMENT,0.53,4274,6062,85876,3788,0.4135061919504644,0.5301414041180849,0.5301414041180849,0.06593573930257347,0.08062
0.5,BULLYING_HARASSMENT,0.54,4274,6062,85876,3788,0.4135061919504644,0.5301414041180849,0.5301414041180849,0.06593573930257347,0.08062
0.5,BULLYING_HARASSMENT,0.55,4273,6062,85876,3789,0.41344944363812286,0.5300173654180104,0.5300173654180104,0.06593573930257347,0.08062
0.5,BULLYING_HARASSMENT,0.56,4273,6062,85876,3789,0.41344944363812286,0.5300173654180104,0.5300173654180104,0.06593573930257347,0.08062
0.5,BULLYING_HARASSMENT,0.57,4114,5597,86341,3948,0.4236432911131706,0.5102952121061771,0.5102952121061771,0.06087798298853575,0.08062
0.5,BULLYING_HARASSMENT,0.58,4114,5597,86341,3948,0.4236432911131706,0.5102952121061771,0.5102952121061771,0.06087798298853575,0.08062
0.5,BULLYING_HARASSMENT,0.59,4114,5597,86341,3948,0.4236432911131706,0.5102952121061771,0.5102952121061771,0.06087798298853575,0.08062
0.5,BULLYING_HARASSMENT,0.6,4113,5597,86341,3949,0.4235839340885685,0.5101711734061027,0.5101711734061027,0.06087798298853575,0.08062
0.5,BULLYING_HARASSMENT,0.61,4113,5597,86341,3949,0.4235839340885685,0.5101711734061027,0.5101711734061027,0.06087798298853575,0.08062
0.5,BULLYING_HARASSMENT,0.62,4113,5597,86341,3949,0.4235839340885685,0.5101711734061027,0.5101711734061027,0.06087798298853575,0.08062
0.5,BULLYING_HARASSMENT,0.63,4113,5597,86341,3949,0.4235839340885685,0.5101711734061027,0.5101711734061027,0.06087798298853575,0.08062
0.5,BULLYING_HARASSMENT,0.64,4112,5591,86347,3950,0.42378645779655777,0.5100471347060282,0.5100471347060282,0.06081272161674172,0.08062
0.5,BULLYING_HARASSMENT,0.65,3624,4394,87544,4438,0.4519830381641307,0.4495162490697098,0.4495162490697098,0.04779307794383171,0.08062
0.5,BULLYING_HARASSMENT,0.66,3330,3756,88182,4732,0.46994072819644367,0.4130488712478293,0.4130488712478293,0.04085361874306598,0.08062
0.5,BULLYING_HARASSMENT,0.67,3330,3756,88182,4732,0.46994072819644367,0.4130488712478293,0.4130488712478293,0.04085361874306598,0.08062
0.5,BULLYING_HARASSMENT,0.68,3330,3756,88182,4732,0.46994072819644367,0.4130488712478293,0.4130488712478293,0.04085361874306598,0.08062
0.5,BULLYING_HARASSMENT,0.69,3290,3693,88245,4772,0.4711442073607332,0.4080873232448524,0.4080873232448524,0.04016837433922861,0.08062
0.5,BULLYING_HARASSMENT,0.7,3290,3693,88245,4772,0.4711442073607332,0.4080873232448524,0.4080873232448524,0.04016837433922861,0.08062
0.5,BULLYING_HARASSMENT,0.71,3290,3693,88245,4772,0.4711442073607332,0.4080873232448524,0.4080873232448524,0.04016837433922861,0.08062
0.5,BULLYING_HARASSMENT,0.72,3290,3693,88245,4772,0.4711442073607332,0.4080873232448524,0.4080873232448524,0.04016837433922861,0.08062
0.5,BULLYING_HARASSMENT,0.73,3177,3474,88464,4885,0.4776725304465494,0.39407095013644255,0.39407095013644255,0.03778633426874633,0.08062
0.5,BULLYING_HARASSMENT,0.74,3035,3207,88731,5027,0.4862223646267222,0.3764574547258745,0.3764574547258745,0.034882203223911765,0.08062
0.5,BULLYING_HARASSMENT,0.75,2957,3087,88851,5105,0.48924553275976174,0.36678243612006944,0.36678243612006944,0.033576975788031066,0.08062
0.5,BULLYING_HARASSMENT,0.76,2957,3087,88851,5105,0.48924553275976174,0.36678243612006944,0.36678243612006944,0.033576975788031066,0.08062
0.5,BULLYING_HARASSMENT,0.77,2957,3086,88852,5105,0.4893264934635115,0.36678243612006944,0.36678243612006944,0.03356609889273206,0.08062
0.5,BULLYING_HARASSMENT,0.78,2957,3086,88852,5105,0.4893264934635115,0.36678243612006944,0.36678243612006944,0.03356609889273206,0.08062
0.5,BULLYING_HARASSMENT,0.79,2952,3078,88860,5110,0.48955223880597015,0.3661622426196973,0.3661622426196973,0.03347908373034001,0.08062
0.5,BULLYING_HARASSMENT,0.8,2949,3058,88880,5113,0.49092725153987016,0.36579012651947407,0.36579012651947407,0.033261545824359896,0.08062
0.5,BULLYING_HARASSMENT,0.81,2309,2022,89916,5753,0.5331332255830062,0.28640535847184323,0.28640535847184323,0.021993082294589832,0.08062
0.5,BULLYING_HARASSMENT,0.82,2070,1714,90224,5992,0.5470401691331924,0.25676010915405606,0.25676010915405606,0.01864299854249603,0.08062
0.5,BULLYING_HARASSMENT,0.83,2066,1708,90230,5996,0.5474297827239004,0.25626395435375837,0.25626395435375837,0.018577737170701995,0.08062
0.5,BULLYING_HARASSMENT,0.84,2066,1707,90231,5996,0.5475748741054863,0.25626395435375837,0.25626395435375837,0.01856686027540299,0.08062
0.5,BULLYING_HARASSMENT,0.85,1907,1511,90427,6155,0.5579286132241077,0.23654180104192507,0.23654180104192507,0.01643498879679784,0.08062
0.5,BULLYING_HARASSMENT,0.86,1906,1511,90427,6156,0.5577992390986245,0.23641776234185066,0.23641776234185066,0.01643498879679784,0.08062
0.5,BULLYING_HARASSMENT,0.87,1878,1480,90458,6184,0.559261465157832,0.23294467873976682,0.23294467873976682,0.01609780504252866,0.08062
0.5,BULLYING_HARASSMENT,0.88,1703,1282,90656,6359,0.5705192629815745,0.21123790622674274,0.21123790622674274,0.013944179773325502,0.08062
0.5,BULLYING_HARASSMENT,0.89,1198,801,91137,6864,0.5992996498249125,0.14859836268915902,0.14859836268915902,0.008712393134503687,0.08062
0.5,BULLYING_HARASSMENT,0.9,787,483,91455,7275,0.6196850393700788,0.09761845695857108,0.09761845695857108,0.005253540429419826,0.08062
0.5,BULLYING_HARASSMENT,0.91,785,480,91458,7277,0.6205533596837944,0.09737037955842223,0.09737037955842223,0.0052209097435228086,0.08062
0.5,BULLYING_HARASSMENT,0.92,780,479,91459,7282,0.6195393169181891,0.09675018605805011,0.09675018605805011,0.005210032848223803,0.08062
0.5,BULLYING_HARASSMENT,0.93,776,475,91463,7286,0.6203037569944044,0.09625403125775242,0.09625403125775242,0.005166525267027779,0.08062
0.5,BULLYING_HARASSMENT,0.94,673,388,91550,7389,0.6343072573044298,0.08347804515008683,0.08347804515008683,0.00422023537601427,0.08062
0.5,BULLYING_HARASSMENT,0.95,671,385,91553,7391,0.6354166666666666,0.08322996774993797,0.08322996774993797,0.0041876046901172526,0.08062
0.5,BULLYING_HARASSMENT,0.96,668,383,91555,7394,0.6355851569933397,0.08285785164971471,0.08285785164971471,0.004165850899519241,0.08062
0.5,BULLYING_HARASSMENT,0.97,597,335,91603,7465,0.6405579399141631,0.07405110394443067,0.07405110394443067,0.0036437599251669603,0.08062
0.5,BULLYING_HARASSMENT,0.98,185,81,91857,7877,0.6954887218045113,0.022947159513768297,0.022947159513768297,0.000881028519219474,0.08062
0.5,BULLYING_HARASSMENT,0.99,0,0,91938,8062,,0.0,0.0,0.0,0.08062
0.5,BULLYING_HARASSMENT,1.0,0,0,91938,8062,,0.0,0.0,0.0,0.08062
0.5,HATEFUL_CONDUCT,0.0,747,99253,0,0,0.00747,1.0,1.0,1.0,0.00747
0.5,HATEFUL_CONDUCT,0.01,659,19627,79626,88,0.03248545795129646,0.8821954484605087,0.8821954484605087,0.1977471713701349,0.00747
0.5,HATEFUL_CONDUCT,0.02,627,16261,82992,120,0.03712695405021317,0.8393574297188755,0.8393574297188755,0.16383383877565413,0.00747
0.5,HATEFUL_CONDUCT,0.03,587,12333,86920,160,0.04543343653250774,0.785809906291834,0.785809906291834,0.12425820881988454,0.00747
0.5,HATEFUL_CONDUCT,0.04,562,10476,88777,185,0.05091502083710817,0.7523427041499331,0.7523427041499331,0.10554844689833053,0.00747
0.5,HATEFUL_CONDUCT,0.05,519,8189,91064,228,0.05960036747818098,0.6947791164658634,0.6947791164658634,0.08250632222703595,0.00747
0.5,HATEFUL_CONDUCT,0.06,519,8187,91066,228,0.05961405926946933,0.6947791164658634,0.6947791164658634,0.08248617170261856,0.00747
0.5,HATEFUL_CONDUCT,0.07,506,7799,91454,241,0.060927152317880796,0.677376171352075,0.677376171352075,0.07857696996564335,0.00747
0.5,HATEFUL_CONDUCT,0.08,506,7791,91462,241,0.06098589851753646,0.677376171352075,0.677376171352075,0.07849636786797376,0.00747
0.5,HATEFUL_CONDUCT,0.09,468,6509,92744,279,0.06707754049018202,0.6265060240963856,0.6265060240963856,0.06557988171642166,0.00747
0.5,HATEFUL_CONDUCT,0.1,468,6497,92756,279,0.06719310839913854,0.6265060240963856,0.6265060240963856,0.06545897856991728,0.00747
0.5,HATEFUL_CONDUCT,0.11,426,5088,94165,321,0.07725788900979326,0.570281124497992,0.570281124497992,0.05126293411786042,0.00747
0.5,HATEFUL_CONDUCT,0.12,426,5083,94170,321,0.07732800871301507,0.570281124497992,0.570281124497992,0.051212557806816925,0.00747
0.5,HATEFUL_CONDUCT,0.13,394,4374,94879,353,0.08263422818791946,0.5274431057563588,0.5274431057563588,0.044069196900849344,0.00747
0.5,HATEFUL_CONDUCT,0.14,394,4374,94879,353,0.08263422818791946,0.5274431057563588,0.5274431057563588,0.044069196900849344,0.00747
0.5,HATEFUL_CONDUCT,0.15,394,4374,94879,353,0.08263422818791946,0.5274431057563588,0.5274431057563588,0.044069196900849344,0.00747
0.5,HATEFUL_CONDUCT,0.16,394,4373,94880,353,0.08265156282777428,0.5274431057563588,0.5274431057563588,0.04405912163864065,0.00747
0.5,HATEFUL_CONDUCT,0.17,394,4373,94880,353,0.08265156282777428,0.5274431057563588,0.5274431057563588,0.04405912163864065,0.00747
0.5,HATEFUL_CONDUCT,0.18,394,4373,94880,353,0.08265156282777428,0.5274431057563588,0.5274431057563588,0.04405912163864065,0.00747
0.5,HATEFUL_CONDUCT,0.19,333,3342,95911,414,0.09061224489795919,0.4457831325301205,0.4457831325301205,0.03367152630147199,0.00747
0.5,HATEFUL_CONDUCT,0.2,332,3341,95912,415,0.09038932752518378,0.4444444444444444,0.4444444444444444,0.033661451039263296,0.00747
0.5,HATEFUL_CONDUCT,0.21,332,3339,95914,415,0.09043857259602288,0.4444444444444444,0.4444444444444444,0.0336413005148459,0.00747
0.5,HATEFUL_CONDUCT,0.22,332,3338,95915,415,0.09046321525885559,0.4444444444444444,0.4444444444444444,0.0336312252526372,0.00747
0.5,HATEFUL_CONDUCT,0.23,332,3338,95915,415,0.09046321525885559,0.4444444444444444,0.4444444444444444,0.0336312252526372,0.00747
0.5,HATEFUL_CONDUCT,0.24,332,3338,95915,415,0.09046321525885559,0.4444444444444444,0.4444444444444444,0.0336312252526372,0.00747
0.5,HATEFUL_CONDUCT,0.25,332,3335,95918,415,0.09053722388873739,0.4444444444444444,0.4444444444444444,0.033600999466011104,0.00747
0.5,HATEFUL_CONDUCT,0.26,332,3334,95919,415,0.09056192034915439,0.4444444444444444,0.4444444444444444,0.03359092420380241,0.00747
0.5,HATEFUL_CONDUCT,0.27,332,3334,95919,415,0.09056192034915439,0.4444444444444444,0.4444444444444444,0.03359092420380241,0.00747
0.5,HATEFUL_CONDUCT,0.28,332,3332,95921,415,0.0906113537117904,0.4444444444444444,0.4444444444444444,0.033570773679385005,0.00747
0.5,HATEFUL_CONDUCT,0.29,332,3332,95921,415,0.0906113537117904,0.4444444444444444,0.4444444444444444,0.033570773679385005,0.00747
0.5,HATEFUL_CONDUCT,0.3,332,3332,95921,415,0.0906113537117904,0.4444444444444444,0.4444444444444444,0.033570773679385005,0.00747
0.5,HATEFUL_CONDUCT,0.31,295,2775,96478,452,0.09609120521172639,0.3949129852744311,0.3949129852744311,0.027958852629139674,0.00747
0.5,HATEFUL_CONDUCT,0.32,295,2765,96488,452,0.09640522875816994,0.3949129852744311,0.3949129852744311,0.027858100007052685,0.00747
0.5,HATEFUL_CONDUCT,0.33,284,2588,96665,463,0.0988857938718663,0.38018741633199465,0.38018741633199465,0.026074778596112964,0.00747
0.5,HATEFUL_CONDUCT,0.34,284,2587,96666,463,0.09892023685127134,0.38018741633199465,0.38018741633199465,0.026064703333904263,0.00747
0.5,HATEFUL_CONDUCT,0.35,284,2587,96666,463,0.09892023685127134,0.38018741633199465,0.38018741633199465,0.026064703333904263,0.00747
0.5,HATEFUL_CONDUCT,0.36,238,2067,97186,509,0.10325379609544469,0.31860776439089694,0.31860776439089694,0.020825566985380795,0.00747
0.5,HATEFUL_CONDUCT,0.37,238,2032,97221,509,0.10484581497797357,0.31860776439089694,0.31860776439089694,0.02047293280807633,0.00747
0.5,HATEFUL_CONDUCT,0.38,238,2032,97221,509,0.10484581497797357,0.31860776439089694,0.31860776439089694,0.02047293280807633,0.00747
0.5,HATEFUL_CONDUCT,0.39,216,1760,97493,531,0.10931174089068826,0.2891566265060241,0.2891566265060241,0.017732461487310208,0.00747
0.5,HATEFUL_CONDUCT,0.4,216,1760,97493,531,0.10931174089068826,0.2891566265060241,0.2891566265060241,0.017732461487310208,0.00747
0.5,HATEFUL_CONDUCT,0.41,216,1760,97493,531,0.10931174089068826,0.2891566265060241,0.2891566265060241,0.017732461487310208,0.00747
0.5,HATEFUL_CONDUCT,0.42,214,1708,97545,533,0.1113423517169615,0.28647925033467203,0.28647925033467203,0.01720854785245786,0.00747
0.5,HATEFUL_CONDUCT,0.43,214,1707,97546,533,0.11140031233732431,0.28647925033467203,0.28647925033467203,0.01719847259024916,0.00747
0.5,HATEFUL_CONDUCT,0.44,204,1543,97710,543,0.11677160847166572,0.27309236947791166,0.27309236947791166,0.015546129588022529,0.00747
0.5,HATEFUL_CONDUCT,0.45,187,1348,97905,560,0.12182410423452769,0.250334672021419,0.250334672021419,0.013581453457326228,0.00747
0.5,HATEFUL_CONDUCT,0.46,187,1348,97905,560,0.12182410423452769,0.250334672021419,0.250334672021419,0.013581453457326228,0.00747
0.5,HATEFUL_CONDUCT,0.47,187,1348,97905,560,0.12182410423452769,0.250334672021419,0.250334672021419,0.013581453457326228,0.00747
0.5,HATEFUL_CONDUCT,0.48,187,1348,97905,560,0.12182410423452769,0.250334672021419,0.250334672021419,0.013581453457326228,0.00747
0.5,HATEFUL_CONDUCT,0.49,187,1342,97911,560,0.1223021582733813,0.250334672021419,0.250334672021419,0.013521001884074032,0.00747
0.5,HATEFUL_CONDUCT,0.5,187,1342,97911,560,0.1223021582733813,0.250334672021419,0.250334672021419,0.013521001884074032,0.00747
0.5,HATEFUL_CONDUCT,0.51,187,1339,97914,560,0.12254259501965924,0.250334672021419,0.250334672021419,0.013490776097447936,0.00747
0.5,HATEFUL_CONDUCT,0.52,187,1339,97914,560,0.12254259501965924,0.250334672021419,0.250334672021419,0.013490776097447936,0.00747
0.5,HATEFUL_CONDUCT,0.53,187,1335,97918,560,0.1228646517739816,0.250334672021419,0.250334672021419,0.01345047504861314,0.00747
0.5,HATEFUL_CONDUCT,0.54,187,1335,97918,560,0.1228646517739816,0.250334672021419,0.250334672021419,0.01345047504861314,0.00747
0.5,HATEFUL_CONDUCT,0.55,187,1335,97918,560,0.1228646517739816,0.250334672021419,0.250334672021419,0.01345047504861314,0.00747
0.5,HATEFUL_CONDUCT,0.56,187,1335,97918,560,0.1228646517739816,0.250334672021419,0.250334672021419,0.01345047504861314,0.00747
0.5,HATEFUL_CONDUCT,0.57,158,1027,98226,589,0.13333333333333333,0.21151271753681392,0.21151271753681392,0.010347294288333853,0.00747
0.5,HATEFUL_CONDUCT,0.58,131,788,98465,616,0.1425462459194777,0.1753681392235609,0.1753681392235609,0.007939306620454797,0.00747
0.5,HATEFUL_CONDUCT,0.59,131,788,98465,616,0.1425462459194777,0.1753681392235609,0.1753681392235609,0.007939306620454797,0.00747
0.5,HATEFUL_CONDUCT,0.6,131,788,98465,616,0.1425462459194777,0.1753681392235609,0.1753681392235609,0.007939306620454797,0.00747
0.5,HATEFUL_CONDUCT,0.61,131,788,98465,616,0.1425462459194777,0.1753681392235609,0.1753681392235609,0.007939306620454797,0.00747
0.5,HATEFUL_CONDUCT,0.62,131,788,98465,616,0.1425462459194777,0.1753681392235609,0.1753681392235609,0.007939306620454797,0.00747
0.5,HATEFUL_CONDUCT,0.63,131,788,98465,616,0.1425462459194777,0.1753681392235609,0.1753681392235609,0.007939306620454797,0.00747
0.5,HATEFUL_CONDUCT,0.64,131,788,98465,616,0.1425462459194777,0.1753681392235609,0.1753681392235609,0.007939306620454797,0.00747
0.5,HATEFUL_CONDUCT,0.65,131,788,98465,616,0.1425462459194777,0.1753681392235609,0.1753681392235609,0.007939306620454797,0.00747
0.5,HATEFUL_CONDUCT,0.66,131,788,98465,616,0.1425462459194777,0.1753681392235609,0.1753681392235609,0.007939306620454797,0.00747
0.5,HATEFUL_CONDUCT,0.67,131,788,98465,616,0.1425462459194777,0.1753681392235609,0.1753681392235609,0.007939306620454797,0.00747
0.5,HATEFUL_CONDUCT,0.68,131,788,98465,616,0.1425462459194777,0.1753681392235609,0.1753681392235609,0.007939306620454797,0.00747
0.5,HATEFUL_CONDUCT,0.69,131,788,98465,616,0.1425462459194777,0.1753681392235609,0.1753681392235609,0.007939306620454797,0.00747
0.5,HATEFUL_CONDUCT,0.7,100,558,98695,647,0.1519756838905775,0.13386880856760375,0.13386880856760375,0.005621996312454032,0.00747
0.5,HATEFUL_CONDUCT,0.71,97,532,98721,650,0.15421303656597773,0.12985274431057564,0.12985274431057564,0.005360039495027858,0.00747
0.5,HATEFUL_CONDUCT,0.72,97,532,98721,650,0.15421303656597773,0.12985274431057564,0.12985274431057564,0.005360039495027858,0.00747
0.5,HATEFUL_CONDUCT,0.73,84,487,98766,663,0.14711033274956217,0.11244979919678715,0.11244979919678715,0.004906652695636404,0.00747
0.5,HATEFUL_CONDUCT,0.74,66,318,98935,681,0.171875,0.08835341365461848,0.08835341365461848,0.003203933382366276,0.00747
0.5,HATEFUL_CONDUCT,0.75,66,316,98937,681,0.17277486910994763,0.08835341365461848,0.08835341365461848,0.003183782857948878,0.00747
0.5,HATEFUL_CONDUCT,0.76,64,301,98952,683,0.17534246575342466,0.0856760374832664,0.0856760374832664,0.0030326539248183935,0.00747
0.5,HATEFUL_CONDUCT,0.77,59,251,99002,688,0.19032258064516128,0.07898259705488621,0.07898259705488621,0.002528890814383444,0.00747
0.5,HATEFUL_CONDUCT,0.78,59,251,99002,688,0.19032258064516128,0.07898259705488621,0.07898259705488621,0.002528890814383444,0.00747
0.5,HATEFUL_CONDUCT,0.79,59,251,99002,688,0.19032258064516128,0.07898259705488621,0.07898259705488621,0.002528890814383444,0.00747
0.5,HATEFUL_CONDUCT,0.8,59,251,99002,688,0.19032258064516128,0.07898259705488621,0.07898259705488621,0.002528890814383444,0.00747
0.5,HATEFUL_CONDUCT,0.81,59,251,99002,688,0.19032258064516128,0.07898259705488621,0.07898259705488621,0.002528890814383444,0.00747
0.5,HATEFUL_CONDUCT,0.82,58,250,99003,689,0.18831168831168832,0.07764390896921017,0.07764390896921017,0.0025188155521747454,0.00747
0.5,HATEFUL_CONDUCT,0.83,39,142,99111,708,0.2154696132596685,0.05220883534136546,0.05220883534136546,0.0014306872336352554,0.00747
0.5,HATEFUL_CONDUCT,0.84,39,142,99111,708,0.2154696132596685,0.05220883534136546,0.05220883534136546,0.0014306872336352554,0.00747
0.5,HATEFUL_CONDUCT,0.85,39,142,99111,708,0.2154696132596685,0.05220883534136546,0.05220883534136546,0.0014306872336352554,0.00747
0.5,HATEFUL_CONDUCT,0.86,38,124,99129,709,0.2345679012345679,0.050870147255689425,0.050870147255689425,0.0012493325138786737,0.00747
0.5,HATEFUL_CONDUCT,0.87,31,72,99181,716,0.30097087378640774,0.041499330655957165,0.041499330655957165,0.0007254188790263267,0.00747
0.5,HATEFUL_CONDUCT,0.88,30,71,99182,717,0.297029702970297,0.040160642570281124,0.040160642570281124,0.0007153436168176277,0.00747
0.5,HATEFUL_CONDUCT,0.89,22,32,99221,725,0.4074074074074074,0.029451137884872823,0.029451137884872823,0.0003224083906783674,0.00747
0.5,HATEFUL_CONDUCT,0.9,22,30,99223,725,0.4230769230769231,0.029451137884872823,0.029451137884872823,0.0003022578662609694,0.00747
0.5,HATEFUL_CONDUCT,0.91,22,30,99223,725,0.4230769230769231,0.029451137884872823,0.029451137884872823,0.0003022578662609694,0.00747
0.5,HATEFUL_CONDUCT,0.92,21,30,99223,726,0.4117647058823529,0.028112449799196786,0.028112449799196786,0.0003022578662609694,0.00747
0.5,HATEFUL_CONDUCT,0.93,20,30,99223,727,0.4,0.02677376171352075,0.02677376171352075,0.0003022578662609694,0.00747
0.5,HATEFUL_CONDUCT,0.94,20,30,99223,727,0.4,0.02677376171352075,0.02677376171352075,0.0003022578662609694,0.00747
0.5,HATEFUL_CONDUCT,0.95,20,30,99223,727,0.4,0.02677376171352075,0.02677376171352075,0.0003022578662609694,0.00747
0.5,HATEFUL_CONDUCT,0.96,15,22,99231,732,0.40540540540540543,0.020080321285140562,0.020080321285140562,0.0002216557685913776,0.00747
0.5,HATEFUL_CONDUCT,0.97,15,22,99231,732,0.40540540540540543,0.020080321285140562,0.020080321285140562,0.0002216557685913776,0.00747
0.5,HATEFUL_CONDUCT,0.98,15,22,99231,732,0.40540540540540543,0.020080321285140562,0.020080321285140562,0.0002216557685913776,0.00747
0.5,HATEFUL_CONDUCT,0.99,15,22,99231,732,0.40540540540540543,0.020080321285140562,0.020080321285140562,0.0002216557685913776,0.00747
0.5,HATEFUL_CONDUCT,1.0,0,0,99253,747,,0.0,0.0,0.0,0.00747
0.5,VIOLENCE_INCITEMENT,0.0,257,99743,0,0,0.00257,1.0,1.0,1.0,0.00257
0.5,VIOLENCE_INCITEMENT,0.01,249,22185,77558,8,0.011099224391548543,0.9688715953307393,0.9688715953307393,0.22242162357258152,0.00257
0.5,VIOLENCE_INCITEMENT,0.02,248,14674,85069,9,0.01661975606487066,0.9649805447470817,0.9649805447470817,0.14711809350029575,0.00257
0.5,VIOLENCE_INCITEMENT,0.03,241,11464,88279,16,0.0205894916702264,0.9377431906614786,0.9377431906614786,0.11493538393671736,0.00257
0.5,VIOLENCE_INCITEMENT,0.04,240,10282,89461,17,0.022809351834252044,0.933852140077821,0.933852140077821,0.10308492826564271,0.00257
0.5,VIOLENCE_INCITEMENT,0.05,235,9642,90101,22,0.023792649589956465,0.914396887159533,0.914396887159533,0.09666843788536539,0.00257
0.5,VIOLENCE_INCITEMENT,0.06,235,9641,90102,22,0.023795058728230054,0.914396887159533,0.914396887159533,0.0966584121191462,0.00257
0.5,VIOLENCE_INCITEMENT,0.07,235,9641,90102,22,0.023795058728230054,0.914396887159533,0.914396887159533,0.0966584121191462,0.00257
0.5,VIOLENCE_INCITEMENT,0.08,233,8741,91002,24,0.02596389569868509,0.9066147859922179,0.9066147859922179,0.08763522252188123,0.00257
0.5,VIOLENCE_INCITEMENT,0.09,231,7826,91917,26,0.028670721112076455,0.8988326848249028,0.8988326848249028,0.07846164643132851,0.00257
0.5,VIOLENCE_INCITEMENT,0.1,231,7689,92054,26,0.029166666666666667,0.8988326848249028,0.8988326848249028,0.0770881164593004,0.00257
0.5,VIOLENCE_INCITEMENT,0.11,230,7580,92163,27,0.029449423815621,0.8949416342412452,0.8949416342412452,0.07599530794140942,0.00257
0.5,VIOLENCE_INCITEMENT,0.12,227,7158,92585,30,0.030737982396750168,0.8832684824902723,0.8832684824902723,0.07176443459691408,0.00257
0.5,VIOLENCE_INCITEMENT,0.13,217,6103,93640,40,0.034335443037974686,0.8443579766536965,0.8443579766536965,0.061187251235675685,0.00257
0.5,VIOLENCE_INCITEMENT,0.14,217,6103,93640,40,0.034335443037974686,0.8443579766536965,0.8443579766536965,0.061187251235675685,0.00257
0.5,VIOLENCE_INCITEMENT,0.15,217,6059,93684,40,0.0345761631612492,0.8443579766536965,0.8443579766536965,0.06074611752203162,0.00257
0.5,VIOLENCE_INCITEMENT,0.16,215,5899,93844,42,0.03516519463526333,0.8365758754863813,0.8365758754863813,0.059141994926962295,0.00257
0.5,VIOLENCE_INCITEMENT,0.17,215,5899,93844,42,0.03516519463526333,0.8365758754863813,0.8365758754863813,0.059141994926962295,0.00257
0.5,VIOLENCE_INCITEMENT,0.18,215,5898,93845,42,0.035170947161786356,0.8365758754863813,0.8365758754863813,0.05913196916074311,0.00257
0.5,VIOLENCE_INCITEMENT,0.19,212,5149,94594,45,0.03954486103338929,0.8249027237354085,0.8249027237354085,0.05162267026257482,0.00257
0.5,VIOLENCE_INCITEMENT,0.2,212,4941,94802,45,0.041141082864350864,0.8249027237354085,0.8249027237354085,0.04953731088898469,0.00257
0.5,VIOLENCE_INCITEMENT,0.21,203,4307,95436,54,0.04501108647450111,0.7898832684824902,0.7898832684824902,0.04318097510602248,0.00257
0.5,VIOLENCE_INCITEMENT,0.22,203,4307,95436,54,0.04501108647450111,0.7898832684824902,0.7898832684824902,0.04318097510602248,0.00257
0.5,VIOLENCE_INCITEMENT,0.23,202,4246,95497,55,0.045413669064748204,0.7859922178988327,0.7859922178988327,0.0425694033666523,0.00257
0.5,VIOLENCE_INCITEMENT,0.24,202,4244,95499,55,0.04543409806567701,0.7859922178988327,0.7859922178988327,0.04254935183421393,0.00257
0.5,VIOLENCE_INCITEMENT,0.25,202,4174,95569,55,0.04616087751371115,0.7859922178988327,0.7859922178988327,0.0418475481988711,0.00257
0.5,VIOLENCE_INCITEMENT,0.26,201,4171,95572,56,0.0459743824336688,0.7821011673151751,0.7821011673151751,0.04181747090021355,0.00257
0.5,VIOLENCE_INCITEMENT,0.27,201,4168,95575,56,0.046005951018539715,0.7821011673151751,0.7821011673151751,0.041787393601556,0.00257
0.5,VIOLENCE_INCITEMENT,0.28,201,4168,95575,56,0.046005951018539715,0.7821011673151751,0.7821011673151751,0.041787393601556,0.00257
0.5,VIOLENCE_INCITEMENT,0.29,199,4042,95701,58,0.046922895543503894,0.77431906614786,0.77431906614786,0.0405241470579389,0.00257
0.5,VIOLENCE_INCITEMENT,0.3,199,4042,95701,58,0.046922895543503894,0.77431906614786,0.77431906614786,0.0405241470579389,0.00257
0.5,VIOLENCE_INCITEMENT,0.31,199,4042,95701,58,0.046922895543503894,0.77431906614786,0.77431906614786,0.0405241470579389,0.00257
0.5,VIOLENCE_INCITEMENT,0.32,199,4042,95701,58,0.046922895543503894,0.77431906614786,0.77431906614786,0.0405241470579389,0.00257
0.5,VIOLENCE_INCITEMENT,0.33,199,4041,95702,58,0.04693396226415095,0.77431906614786,0.77431906614786,0.04051412129171972,0.00257
0.5,VIOLENCE_INCITEMENT,0.34,199,4001,95742,58,0.04738095238095238,0.77431906614786,0.77431906614786,0.04011309064295239,0.00257
0.5,VIOLENCE_INCITEMENT,0.35,199,3923,95820,58,0.0482775351770985,0.77431906614786,0.77431906614786,0.03933108087785609,0.00257
0.5,VIOLENCE_INCITEMENT,0.36,183,3108,96635,74,0.05560619872379216,0.7120622568093385,0.7120622568093385,0.0311600814092217,0.00257
0.5,VIOLENCE_INCITEMENT,0.37,183,3108,96635,74,0.05560619872379216,0.7120622568093385,0.7120622568093385,0.0311600814092217,0.00257
0.5,VIOLENCE_INCITEMENT,0.38,183,3095,96648,74,0.05582672361195851,0.7120622568093385,0.7120622568093385,0.031029746448372315,0.00257
0.5,VIOLENCE_INCITEMENT,0.39,183,3095,96648,74,0.05582672361195851,0.7120622568093385,0.7120622568093385,0.031029746448372315,0.00257
0.5,VIOLENCE_INCITEMENT,0.4,182,3034,96709,75,0.056592039800995024,0.708171206225681,0.708171206225681,0.030418174709002134,0.00257
0.5,VIOLENCE_INCITEMENT,0.41,181,2773,96970,76,0.06127285037237644,0.7042801556420234,0.7042801556420234,0.027801449725795294,0.00257
0.5,VIOLENCE_INCITEMENT,0.42,181,2746,96997,76,0.061838059446532284,0.7042801556420234,0.7042801556420234,0.027530754037877345,0.00257
0.5,VIOLENCE_INCITEMENT,0.43,171,2200,97543,86,0.07212146773513285,0.6653696498054474,0.6653696498054474,0.022056685682203262,0.00257
0.5,VIOLENCE_INCITEMENT,0.44,171,2150,97593,86,0.07367514002585093,0.6653696498054474,0.6653696498054474,0.0215553973712441,0.00257
0.5,VIOLENCE_INCITEMENT,0.45,171,2142,97601,86,0.07392996108949416,0.6653696498054474,0.6653696498054474,0.02147519124149063,0.00257
0.5,VIOLENCE_INCITEMENT,0.46,166,1922,97821,91,0.07950191570881227,0.6459143968871596,0.6459143968871596,0.019269522673270305,0.00257
0.5,VIOLENCE_INCITEMENT,0.47,166,1889,97854,91,0.08077858880778589,0.6459143968871596,0.6459143968871596,0.018938672388037255,0.00257
0.5,VIOLENCE_INCITEMENT,0.48,166,1889,97854,91,0.08077858880778589,0.6459143968871596,0.6459143968871596,0.018938672388037255,0.00257
0.5,VIOLENCE_INCITEMENT,0.49,166,1888,97855,91,0.08081791626095423,0.6459143968871596,0.6459143968871596,0.018928646621818073,0.00257
0.5,VIOLENCE_INCITEMENT,0.5,166,1888,97855,91,0.08081791626095423,0.6459143968871596,0.6459143968871596,0.018928646621818073,0.00257
0.5,VIOLENCE_INCITEMENT,0.51,166,1888,97855,91,0.08081791626095423,0.6459143968871596,0.6459143968871596,0.018928646621818073,0.00257
0.5,VIOLENCE_INCITEMENT,0.52,153,1472,98271,104,0.09415384615384616,0.5953307392996109,0.5953307392996109,0.01475792787463782,0.00257
0.5,VIOLENCE_INCITEMENT,0.53,144,1185,98558,113,0.10835214446952596,0.5603112840466926,0.5603112840466926,0.011880532969732212,0.00257
0.5,VIOLENCE_INCITEMENT,0.54,144,1178,98565,113,0.10892586989409984,0.5603112840466926,0.5603112840466926,0.011810352606197928,0.00257
0.5,VIOLENCE_INCITEMENT,0.55,144,1162,98581,113,0.11026033690658499,0.5603112840466926,0.5603112840466926,0.011649940346690996,0.00257
0.5,VIOLENCE_INCITEMENT,0.56,141,1108,98635,116,0.11289031224979984,0.5486381322957199,0.5486381322957199,0.011108548970855097,0.00257
0.5,VIOLENCE_INCITEMENT,0.57,141,1108,98635,116,0.11289031224979984,0.5486381322957199,0.5486381322957199,0.011108548970855097,0.00257
0.5,VIOLENCE_INCITEMENT,0.58,141,1101,98642,116,0.11352657004830918,0.5486381322957199,0.5486381322957199,0.011038368607320815,0.00257
0.5,VIOLENCE_INCITEMENT,0.59,141,1101,98642,116,0.11352657004830918,0.5486381322957199,0.5486381322957199,0.011038368607320815,0.00257
0.5,VIOLENCE_INCITEMENT,0.6,139,1032,98711,118,0.11870196413321947,0.5408560311284046,0.5408560311284046,0.010346590738197168,0.00257
0.5,VIOLENCE_INCITEMENT,0.61,135,899,98844,122,0.13056092843326886,0.5252918287937743,0.5252918287937743,0.009013163831045787,0.00257
0.5,VIOLENCE_INCITEMENT,0.62,135,897,98846,122,0.1308139534883721,0.5252918287937743,0.5252918287937743,0.008993112298607421,0.00257
0.5,VIOLENCE_INCITEMENT,0.63,126,805,98938,131,0.13533834586466165,0.490272373540856,0.490272373540856,0.008070741806442558,0.00257
0.5,VIOLENCE_INCITEMENT,0.64,124,768,98975,133,0.13901345291479822,0.48249027237354086,0.48249027237354086,0.007699788456332775,0.00257
0.5,VIOLENCE_INCITEMENT,0.65,124,712,99031,133,0.14832535885167464,0.48249027237354086,0.48249027237354086,0.00713834554805851,0.00257
0.5,VIOLENCE_INCITEMENT,0.66,124,712,99031,133,0.14832535885167464,0.48249027237354086,0.48249027237354086,0.00713834554805851,0.00257
0.5,VIOLENCE_INCITEMENT,0.67,124,712,99031,133,0.14832535885167464,0.48249027237354086,0.48249027237354086,0.00713834554805851,0.00257
0.5,VIOLENCE_INCITEMENT,0.68,124,712,99031,133,0.14832535885167464,0.48249027237354086,0.48249027237354086,0.00713834554805851,0.00257
0.5,VIOLENCE_INCITEMENT,0.69,122,623,99120,135,0.16375838926174496,0.47470817120622566,0.47470817120622566,0.006246052354551197,0.00257
0.5,VIOLENCE_INCITEMENT,0.7,121,611,99132,136,0.16530054644808742,0.4708171206225681,0.4708171206225681,0.006125743159920997,0.00257
0.5,VIOLENCE_INCITEMENT,0.71,120,610,99133,137,0.1643835616438356,0.4669260700389105,0.4669260700389105,0.006115717393701814,0.00257
0.5,VIOLENCE_INCITEMENT,0.72,120,609,99134,137,0.1646090534979424,0.4669260700389105,0.4669260700389105,0.00610569162748263,0.00257
0.5,VIOLENCE_INCITEMENT,0.73,120,609,99134,137,0.1646090534979424,0.4669260700389105,0.4669260700389105,0.00610569162748263,0.00257
0.5,VIOLENCE_INCITEMENT,0.74,119,585,99158,138,0.1690340909090909,0.46303501945525294,0.46303501945525294,0.005865073238222231,0.00257
0.5,VIOLENCE_INCITEMENT,0.75,117,571,99172,140,0.17005813953488372,0.45525291828793774,0.45525291828793774,0.005724712511153665,0.00257
0.5,VIOLENCE_INCITEMENT,0.76,117,571,99172,140,0.17005813953488372,0.45525291828793774,0.45525291828793774,0.005724712511153665,0.00257
0.5,VIOLENCE_INCITEMENT,0.77,106,451,99292,151,0.19030520646319568,0.41245136186770426,0.41245136186770426,0.0045216205648516685,0.00257
0.5,VIOLENCE_INCITEMENT,0.78,106,451,99292,151,0.19030520646319568,0.41245136186770426,0.41245136186770426,0.0045216205648516685,0.00257
0.5,VIOLENCE_INCITEMENT,0.79,104,415,99328,153,0.2003853564547206,0.4046692607003891,0.4046692607003891,0.00416069298096107,0.00257
0.5,VIOLENCE_INCITEMENT,0.8,103,393,99350,154,0.20766129032258066,0.40077821011673154,0.40077821011673154,0.003940126124139037,0.00257
0.5,VIOLENCE_INCITEMENT,0.81,102,385,99358,155,0.20944558521560575,0.3968871595330739,0.3968871595330739,0.003859919994385571,0.00257
0.5,VIOLENCE_INCITEMENT,0.82,96,357,99386,161,0.2119205298013245,0.3735408560311284,0.3735408560311284,0.0035791985402484384,0.00257
0.5,VIOLENCE_INCITEMENT,0.83,95,349,99394,162,0.21396396396396397,0.36964980544747084,0.36964980544747084,0.003498992410494972,0.00257
0.5,VIOLENCE_INCITEMENT,0.84,90,310,99433,167,0.225,0.35019455252918286,0.35019455252918286,0.0031079875279468234,0.00257
0.5,VIOLENCE_INCITEMENT,0.85,87,280,99463,170,0.23705722070844687,0.33852140077821014,0.33852140077821014,0.0028072145413713242,0.00257
0.5,VIOLENCE_INCITEMENT,0.86,70,175,99568,187,0.2857142857142857,0.2723735408560311,0.2723735408560311,0.0017545090883570777,0.00257
0.5,VIOLENCE_INCITEMENT,0.87,63,128,99615,194,0.3298429319371728,0.245136186770428,0.245136186770428,0.0012832980760554625,0.00257
0.5,VIOLENCE_INCITEMENT,0.88,63,128,99615,194,0.3298429319371728,0.245136186770428,0.245136186770428,0.0012832980760554625,0.00257
0.5,VIOLENCE_INCITEMENT,0.89,63,128,99615,194,0.3298429319371728,0.245136186770428,0.245136186770428,0.0012832980760554625,0.00257
0.5,VIOLENCE_INCITEMENT,0.9,60,120,99623,197,0.3333333333333333,0.23346303501945526,0.23346303501945526,0.001203091946301996,0.00257
0.5,VIOLENCE_INCITEMENT,0.91,60,120,99623,197,0.3333333333333333,0.23346303501945526,0.23346303501945526,0.001203091946301996,0.00257
0.5,VIOLENCE_INCITEMENT,0.92,60,112,99631,197,0.3488372093023256,0.23346303501945526,0.23346303501945526,0.0011228858165485296,0.00257
0.5,VIOLENCE_INCITEMENT,0.93,51,95,99648,206,0.3493150684931507,0.19844357976653695,0.19844357976653695,0.0009524477908224136,0.00257
0.5,VIOLENCE_INCITEMENT,0.94,45,77,99666,212,0.36885245901639346,0.17509727626459143,0.17509727626459143,0.0007719839988771142,0.00257
0.5,VIOLENCE_INCITEMENT,0.95,19,24,99719,238,0.4418604651162791,0.07392996108949416,0.07392996108949416,0.00024061838926039923,0.00257
0.5,VIOLENCE_INCITEMENT,0.96,6,8,99735,251,0.42857142857142855,0.023346303501945526,0.023346303501945526,8.02061297534664e-05,0.00257
0.5,VIOLENCE_INCITEMENT,0.97,6,8,99735,251,0.42857142857142855,0.023346303501945526,0.023346303501945526,8.02061297534664e-05,0.00257
0.5,VIOLENCE_INCITEMENT,0.98,6,8,99735,251,0.42857142857142855,0.023346303501945526,0.023346303501945526,8.02061297534664e-05,0.00257
0.5,VIOLENCE_INCITEMENT,0.99,6,8,99735,251,0.42857142857142855,0.023346303501945526,0.023346303501945526,8.02061297534664e-05,0.00257
0.5,VIOLENCE_INCITEMENT,1.0,0,0,99743,257,,0.0,0.0,0.0,0.00257
0.5,META3_ANY,0.0,8121,91879,0,0,0.08121,1.0,1.0,1.0,0.08121
0.5,META3_ANY,0.01,7858,44406,47473,263,0.1503520587785091,0.9676148257603744,0.9676148257603744,0.48330957019558335,0.08121
0.5,META3_ANY,0.02,7771,39752,52127,350,0.16352082149695937,0.9569018593769241,0.9569018593769241,0.43265599320845893,0.08121
0.5,META3_ANY,0.03,7507,32239,59640,614,0.18887435213606402,0.924393547592661,0.924393547592661,0.35088540362868553,0.08121
0.5,META3_ANY,0.04,7485,31524,60355,636,0.19187879720064602,0.9216845216106391,0.9216845216106391,0.3431034295105519,0.08121
0.5,META3_ANY,0.05,7424,30066,61813,697,0.19802614030408108,0.9141731313877601,0.9141731313877601,0.3272347326374906,0.08121
0.5,META3_ANY,0.06,7277,27524,64355,844,0.20910318669003763,0.8960719123260682,0.8960719123260682,0.2995679099685456,0.08121
0.5,META3_ANY,0.07,7277,27522,64357,844,0.20911520445989829,0.8960719123260682,0.8960719123260682,0.29954614220877457,0.08121
0.5,META3_ANY,0.08,7263,27101,64778,858,0.21135490629728787,0.8943479867011451,0.8943479867011451,0.2949640287769784,0.08121
0.5,META3_ANY,0.09,7251,26690,65189,870,0.21363542618072537,0.8928703361654968,0.8928703361654968,0.29049075414403724,0.08121
0.5,META3_ANY,0.1,7250,26628,65251,871,0.21400318790955783,0.8927471986208595,0.8927471986208595,0.28981595359113616,0.08121
0.5,META3_ANY,0.11,7172,25083,66796,949,0.22235312354673695,0.8831424701391454,0.8831424701391454,0.2730003591680362,0.08121
0.5,META3_ANY,0.12,7164,24914,66965,957,0.2233306315855103,0.8821573697820465,0.8821573697820465,0.27116098346738643,0.08121
0.5,META3_ANY,0.13,7145,24394,67485,976,0.22654491264783283,0.8798177564339367,0.8798177564339367,0.26550136592692564,0.08121
0.5,META3_ANY,0.14,7145,24387,67492,976,0.2265952048712419,0.8798177564339367,0.8798177564339367,0.26542517876772714,0.08121
0.5,META3_ANY,0.15,6791,20429,71450,1330,0.24948567229977958,0.8362270656323113,0.8362270656323113,0.22234678218091186,0.08121
0.5,META3_ANY,0.16,6772,20230,71649,1349,0.2507962373157544,0.8338874522842015,0.8338874522842015,0.22018089008369704,0.08121
0.5,META3_ANY,0.17,6772,20223,71656,1349,0.2508612706056677,0.8338874522842015,0.8338874522842015,0.22010470292449852,0.08121
0.5,META3_ANY,0.18,6771,20219,71660,1350,0.25087069284920344,0.8337643147395641,0.8337643147395641,0.22006116740495651,0.08121
0.5,META3_ANY,0.19,6758,19803,72076,1363,0.25443319152140353,0.8321635266592784,0.8321635266592784,0.21553347337258785,0.08121
0.5,META3_ANY,0.2,6404,16535,75344,1717,0.2791752038013863,0.788572835857653,0.788572835857653,0.1799649539067687,0.08121
0.5,META3_ANY,0.21,6307,15699,76180,1814,0.28660365354903206,0.7766284940278291,0.7766284940278291,0.17086603032248937,0.08121
0.5,META3_ANY,0.22,6307,15699,76180,1814,0.28660365354903206,0.7766284940278291,0.7766284940278291,0.17086603032248937,0.08121
0.5,META3_ANY,0.23,6305,15693,76186,1816,0.2866169651786526,0.7763822189385544,0.7763822189385544,0.17080072704317636,0.08121
0.5,META3_ANY,0.24,6305,15692,76187,1816,0.28662999499931807,0.7763822189385544,0.7763822189385544,0.17078984316329085,0.08121
0.5,META3_ANY,0.25,6303,15638,76241,1818,0.2872704070005925,0.7761359438492796,0.7761359438492796,0.17020211364947377,0.08121
0.5,META3_ANY,0.26,6139,14531,77348,1982,0.29700048379293664,0.7559413865287526,0.7559413865287526,0.15815365861622352,0.08121
0.5,META3_ANY,0.27,6139,14528,77351,1982,0.2970435960710311,0.7559413865287526,0.7559413865287526,0.158121006976567,0.08121
0.5,META3_ANY,0.28,6139,14528,77351,1982,0.2970435960710311,0.7559413865287526,0.7559413865287526,0.158121006976567,0.08121
0.5,META3_ANY,0.29,6089,14248,77631,2032,0.2994050253233024,0.7497845092968847,0.7497845092968847,0.15507352060862656,0.08121
0.5,META3_ANY,0.3,6089,14248,77631,2032,0.2994050253233024,0.7497845092968847,0.7497845092968847,0.15507352060862656,0.08121
0.5,META3_ANY,0.31,6057,14027,77852,2064,0.3015833499302928,0.7458441078684891,0.7458441078684891,0.15266818315393071,0.08121
0.5,META3_ANY,0.32,6057,14027,77852,2064,0.3015833499302928,0.7458441078684891,0.7458441078684891,0.15266818315393071,0.08121
0.5,META3_ANY,0.33,6057,14026,77853,2064,0.30159836677787183,0.7458441078684891,0.7458441078684891,0.1526572992740452,0.08121
0.5,META3_ANY,0.34,5912,13306,78573,2209,0.3076282651680716,0.7279891638960719,0.7279891638960719,0.14482090575648407,0.08121
0.5,META3_ANY,0.35,5723,12329,79550,2398,0.3170285840904055,0.7047161679596109,0.7047161679596109,0.13418735510834903,0.08121
0.5,META3_ANY,0.36,5575,11303,80576,2546,0.33031164829956156,0.6864918113532816,0.6864918113532816,0.1230204943458244,0.08121
0.5,META3_ANY,0.37,5575,11303,80576,2546,0.33031164829956156,0.6864918113532816,0.6864918113532816,0.1230204943458244,0.08121
0.5,META3_ANY,0.38,5574,11293,80586,2547,0.33046777731665383,0.6863686738086443,0.6863686738086443,0.12291165554696938,0.08121
0.5,META3_ANY,0.39,5573,11292,80587,2548,0.3304476726949303,0.6862455362640069,0.6862455362640069,0.12290077166708388,0.08121
0.5,META3_ANY,0.4,5428,10565,81314,2693,0.3393984868379916,0.6683905922915897,0.6683905922915897,0.11498819099032423,0.08121
0.5,META3_ANY,0.41,5187,9355,82524,2934,0.3566909641039747,0.6387144440339859,0.6387144440339859,0.10181869632886731,0.08121
0.5,META3_ANY,0.42,5187,9333,82546,2934,0.35723140495867767,0.6387144440339859,0.6387144440339859,0.10157925097138627,0.08121
0.5,META3_ANY,0.43,5143,8955,82924,2978,0.3648035182295361,0.6332963920699421,0.6332963920699421,0.09746514437466668,0.08121
0.5,META3_ANY,0.44,5139,8919,82960,2982,0.36555697823303457,0.6328038418913927,0.6328038418913927,0.09707332469878863,0.08121
0.5,META3_ANY,0.45,5138,8911,82968,2983,0.36571998006975587,0.6326807043467553,0.6326807043467553,0.0969862536597046,0.08121
0.5,META3_ANY,0.46,5027,8488,83391,3094,0.37195708472068073,0.6190124368920084,0.6190124368920084,0.09238237246813744,0.08121
0.5,META3_ANY,0.47,4993,8360,83519,3128,0.37392346289223394,0.6148257603743381,0.6148257603743381,0.09098923584279324,0.08121
0.5,META3_ANY,0.48,4993,8359,83520,3128,0.37395146794487716,0.6148257603743381,0.6148257603743381,0.09097835196290774,0.08121
0.5,META3_ANY,0.49,4960,8239,83640,3161,0.37578604439730284,0.6107622214013052,0.6107622214013052,0.08967228637664755,0.08121
0.5,META3_ANY,0.5,4960,8239,83640,3161,0.37578604439730284,0.6107622214013052,0.6107622214013052,0.08967228637664755,0.08121
0.5,META3_ANY,0.51,4960,8239,83640,3161,0.37578604439730284,0.6107622214013052,0.6107622214013052,0.08967228637664755,0.08121
0.5,META3_ANY,0.52,4916,7955,83924,3205,0.38194390490249397,0.6053441694372614,0.6053441694372614,0.0865812644891651,0.08121
0.5,META3_ANY,0.53,4493,6631,85248,3628,0.4039014742898238,0.5532569880556581,0.5532569880556581,0.072171007520761,0.08121
0.5,META3_ANY,0.54,4493,6630,85249,3628,0.4039377865683718,0.5532569880556581,0.5532569880556581,0.0721601236408755,0.08121
0.5,META3_ANY,0.55,4492,6630,85249,3629,0.4038841934903794,0.5531338505110208,0.5531338505110208,0.0721601236408755,0.08121
0.5,META3_ANY,0.56,4484,6603,85276,3637,0.40443762965635427,0.552148750153922,0.552148750153922,0.07186625888396696,0.08121
0.5,META3_ANY,0.57,4332,6146,85733,3789,0.4134376789463638,0.5334318433690433,0.5334318433690433,0.06689232577629273,0.08121
0.5,META3_ANY,0.58,4331,6145,85734,3790,0.4134211531118748,0.5333087058244058,0.5333087058244058,0.06688144189640723,0.08121
0.5,META3_ANY,0.59,4331,6145,85734,3790,0.4134211531118748,0.5333087058244058,0.5333087058244058,0.06688144189640723,0.08121
0.5,META3_ANY,0.6,4323,6111,85768,3798,0.414318573893042,0.532323605467307,0.532323605467307,0.06651138998030018,0.08121
0.5,META3_ANY,0.61,4309,6019,85860,3812,0.41721533694810226,0.530599679842384,0.530599679842384,0.06551007303083403,0.08121
0.5,META3_ANY,0.62,4309,6017,85862,3812,0.4172961456517529,0.530599679842384,0.530599679842384,0.06548830527106303,0.08121
0.5,META3_ANY,0.63,4297,5952,85927,3824,0.41926041565030736,0.5291220293067356,0.5291220293067356,0.06478085307850542,0.08121
0.5,META3_ANY,0.64,4290,5926,85953,3831,0.4199295223179327,0.5282600664942741,0.5282600664942741,0.06449787220148238,0.08121
0.5,META3_ANY,0.65,3805,4733,87146,4316,0.445654720074959,0.46853835734515453,0.46853835734515453,0.051513403498078994,0.08121
0.5,META3_ANY,0.66,3521,4111,87768,4600,0.46134696016771487,0.4335672946681443,0.4335672946681443,0.04474363020929701,0.08121
0.5,META3_ANY,0.67,3521,4111,87768,4600,0.46134696016771487,0.4335672946681443,0.4335672946681443,0.04474363020929701,0.08121
0.5,META3_ANY,0.68,3521,4111,87768,4600,0.46134696016771487,0.4335672946681443,0.4335672946681443,0.04474363020929701,0.08121
0.5,META3_ANY,0.69,3465,3996,87883,4656,0.4644149577804584,0.4266715921684522,0.4266715921684522,0.043491984022464326,0.08121
0.5,META3_ANY,0.7,3461,3990,87889,4660,0.4645014092068179,0.4261790419899027,0.4261790419899027,0.04342668074315132,0.08121
0.5,META3_ANY,0.71,3460,3989,87890,4661,0.46449187810444353,0.42605590444526537,0.42605590444526537,0.04341579686326582,0.08121
0.5,META3_ANY,0.72,3459,3989,87890,4662,0.4644199785177229,0.425932766900628,0.425932766900628,0.04341579686326582,0.08121
0.5,META3_ANY,0.73,3346,3776,88103,4775,0.469811850603763,0.41201822435660634,0.41201822435660634,0.04109753044765398,0.08121
0.5,META3_ANY,0.74,3210,3493,88386,4911,0.4788900492316873,0.3952715182859254,0.3952715182859254,0.03801739244005703,0.08121
0.5,META3_ANY,0.75,3134,3372,88507,4987,0.4817091915155241,0.38591306489348604,0.38591306489348604,0.03670044297391134,0.08121
0.5,META3_ANY,0.76,3134,3372,88507,4987,0.4817091915155241,0.38591306489348604,0.38591306489348604,0.03670044297391134,0.08121
0.5,META3_ANY,0.77,3108,3295,88584,5013,0.4853974699359675,0.38271148873291466,0.38271148873291466,0.035862384222727715,0.08121
0.5,META3_ANY,0.78,3108,3295,88584,5013,0.4853974699359675,0.38271148873291466,0.38271148873291466,0.035862384222727715,0.08121
0.5,META3_ANY,0.79,3098,3258,88621,5023,0.487413467589679,0.3814801132865411,0.3814801132865411,0.03545968066696416,0.08121
0.5,META3_ANY,0.8,3095,3237,88642,5026,0.48878711307643713,0.381110700652629,0.381110700652629,0.03523111918936862,0.08121
0.5,META3_ANY,0.81,2471,2212,89667,5650,0.5276532137518685,0.3042728727989164,0.3042728727989164,0.024075142306729504,0.08121
0.5,META3_ANY,0.82,2227,1890,89989,5894,0.5409278600923002,0.2742273119074006,0.2742273119074006,0.020570532983597994,0.08121
0.5,META3_ANY,0.83,2223,1884,89995,5898,0.5412710007304602,0.27373476172885114,0.27373476172885114,0.020505229704284984,0.08121
0.5,META3_ANY,0.84,2211,1858,90021,5910,0.5433767510444827,0.2722571111932028,0.2722571111932028,0.02022224882726194,0.08121
0.5,META3_ANY,0.85,2043,1646,90233,6078,0.5538086202222825,0.25157000369412635,0.25157000369412635,0.017914866291535606,0.08121
0.5,META3_ANY,0.86,2007,1579,90300,6114,0.5596765197992192,0.24713705208718137,0.24713705208718137,0.017185646339207,0.08121
0.5,META3_ANY,0.87,1964,1521,90358,6157,0.563558106169297,0.2418421376677749,0.2418421376677749,0.01655438130584791,0.08121
0.5,META3_ANY,0.88,1789,1328,90551,6332,0.5739493102341996,0.2202930673562369,0.2202930673562369,0.014453792487946104,0.08121
0.5,META3_ANY,0.89,1291,851,91028,6830,0.6027077497665733,0.15897057012683166,0.15897057012683166,0.009262181782561848,0.08121
0.5,META3_ANY,0.9,883,531,91348,7238,0.6244695898161244,0.10873045191478882,0.10873045191478882,0.005779340219201341,0.08121
0.5,META3_ANY,0.91,881,528,91351,7240,0.6252661462029808,0.1084841768255141,0.1084841768255141,0.005746688579544836,0.08121
0.5,META3_ANY,0.92,876,525,91354,7245,0.6252676659528907,0.1078684891023273,0.1078684891023273,0.005714036939888332,0.08121
0.5,META3_ANY,0.93,858,511,91368,7263,0.6267348429510592,0.10565201329885482,0.10565201329885482,0.005561662621491309,0.08121
0.5,META3_ANY,0.94,742,417,91462,7379,0.640207075064711,0.09136805812092107,0.09136805812092107,0.0045385779122541605,0.08121
0.5,META3_ANY,0.95,696,388,91491,7425,0.6420664206642066,0.08570373106760251,0.08570373106760251,0.004222945395574614,0.08121
0.5,META3_ANY,0.96,673,380,91499,7448,0.6391263057929725,0.08287156754094323,0.08287156754094323,0.004135874356490602,0.08121
0.5,META3_ANY,0.97,602,332,91547,7519,0.6445396145610278,0.07412880187169067,0.07412880187169067,0.003613448121986526,0.08121
0.5,META3_ANY,0.98,193,80,91799,7928,0.706959706959707,0.02376554611501047,0.02376554611501047,0.0008707103908401267,0.08121
0.5,META3_ANY,0.99,40,5,91874,8081,0.8888888888888888,0.0049255017854943975,0.0049255017854943975,5.4419399427507917e-05,0.08121
0.5,META3_ANY,1.0,0,0,91879,8121,,0.0,0.0,0.0,0.08121
