tau,posts_per_day,volume_scenario,scenario_s_fn,loss_share,eur_per_FN,FN,total_cost_eur,total_cost_period_eur
0.5,1260900000.0,low,0.01,0.0,0.0,3161,0.0,0.0
0.51,1260900000.0,low,0.01,1.89035916824197e-05,0.00021078615212056972,3161,0.6662950268531209,1520637.8328399712
0.52,1260900000.0,low,0.01,7.56143667296788e-05,0.0008315694562909463,3205,2.665180107412483,6082551.331359885
0.53,1260900000.0,low,0.01,0.00017013232514177728,0.0016528818196466614,3628,5.996655241678088,13685740.49555974
0.54,1260900000.0,low,0.01,0.0003024574669187152,0.0029384565682607313,3628,10.660720429649933,24330205.32543954
0.55,1260900000.0,low,0.01,0.00047258979206049243,0.004590073207861124,3629,16.65737567132802,38015945.82099928
0.56,1260900000.0,low,0.01,0.0006805293005671091,0.006595166611688851,3637,23.98662096671235,54742961.98223896
0.57,1260900000.0,low,0.01,0.000926275992438562,0.0086166419413573,3789,32.64845631580281,74511253.80915834
0.58,1260900000.0,low,0.01,0.0012098298676748572,0.011251419978522326,3790,42.64288171859962,97320821.30175789
0.59,1260900000.0,low,0.01,0.0015311909262759919,0.014240078410317325,3790,53.96989717510266,123171664.46003737
0.6,1260900000.0,low,0.01,0.0018903591682419654,0.017543312976648743,3798,66.62950268531192,152063783.28399676
0.61,1260900000.0,low,0.01,0.0022873345935727793,0.021149448648800494,3812,80.62169824922748,183997177.7736362
0.62,1260900000.0,low,0.01,0.0027221172022684316,0.02516959178039067,3812,95.94648386684923,218971847.92895547
0.63,1260900000.0,low,0.01,0.0031947069943289237,0.02944661598801706,3824,112.60385953817723,256987793.7499547
0.64,1260900000.0,low,0.01,0.0037051039697542543,0.034088704062441,3831,130.59382526321147,298045015.23663384
0.65,1260900000.0,low,0.01,0.004253308128544426,0.0347350280449379,4316,149.91638104195198,342143512.388993
0.66,1260900000.0,low,0.01,0.004839319470699437,0.037080766711825815,4600,170.57152687439876,389283285.20703214
0.67,1260900000.0,low,0.01,0.005463137996219285,0.041860709295772104,4600,192.5592627605517,439464333.6907511
0.68,1260900000.0,low,0.01,0.006124763705103975,0.04693034536965455,4600,215.87958870041092,492686657.8401501
0.69,1260900000.0,low,0.01,0.006824196597353496,0.05166076131743473,4656,240.5325046939761,548950257.6552284
0.7,1260900000.0,low,0.01,0.0075614366729678615,0.05719270616764972,4660,266.51801074124774,608255133.135987
0.71,1260900000.0,low,0.01,0.00833648393194707,0.06304143034589696,4661,293.8361068422257,670601284.282426
0.72,1260900000.0,low,0.01,0.009149338374291117,0.06917348627132346,4662,322.48679299690997,735988711.0945448
0.73,1260900000.0,low,0.01,0.01,0.07381572129953931,4775,352.4700692053002,804417413.5723431
0.74,1260900000.0,low,0.01,0.010888468809073727,0.07814822550751312,4911,383.78593546739694,875887391.7158219
0.75,1260900000.0,low,0.01,0.011814744801512289,0.08350398872733102,4987,416.43439178319977,950398645.5249802
0.76,1260900000.0,low,0.01,0.012778827977315695,0.09031791420748124,4987,450.41543815270893,1027951174.9998188
0.77,1260900000.0,low,0.01,0.013780718336483937,0.0968938907991072,5013,485.72907457592436,1108544980.1403372
0.78,1260900000.0,low,0.01,0.014820415879017017,0.10420412947393694,5013,522.3753010528459,1192180060.9465353
0.79,1260900000.0,low,0.01,0.01589792060491494,0.11155765828856734,5023,560.3541175834738,1278856417.4184136
0.8,1260900000.0,low,0.01,0.017013232514177704,0.11931267890326461,5026,599.6655241678079,1368574049.555972
0.81,1260900000.0,low,0.01,0.0181663516068053,0.11332911872669879,5650,640.3095208058481,1461332957.35921
0.82,1260900000.0,low,0.01,0.019357277882797726,0.11575943459409471,5894,682.2861074975942,1557133140.828127
0.83,1260900000.0,low,0.01,0.02058601134215501,0.1230239546020765,5898,725.5952842430472,1655974599.9627254
0.84,1260900000.0,low,0.01,0.021852551984877126,0.13032775821357126,5910,770.2370510422062,1757857334.763003
0.85,1260900000.0,low,0.01,0.023156899810964086,0.13428947151942605,6078,816.2114078950715,1862781345.2289612
0.86,1260900000.0,low,0.01,0.024499054820415884,0.14123623729173096,6114,863.5183548016431,1970746631.360599
0.87,1260900000.0,low,0.01,0.02587901701323252,0.14814973067434153,6157,912.1578917619208,2081753193.1579168
0.88,1260900000.0,low,0.01,0.027296786389413994,0.1519472550183046,6332,962.1300187759048,2195801030.6209145
0.89,1260900000.0,low,0.01,0.028752362948960313,0.1483799027589451,6830,1013.4347358435951,2312890143.7495923
0.9,1260900000.0,low,0.01,0.03024574669187147,0.1472882070965725,7238,1066.0720429649919,2433020532.54395
0.91,1260900000.0,low,0.01,0.03177693761814746,0.15470192543371467,7240,1120.041940140094,2556192197.0039873
0.92,1260900000.0,low,0.01,0.033345935727788295,0.16222835436423788,7245,1175.3444273689036,2682405137.129705
0.93,1260900000.0,low,0.01,0.034952741020793966,0.16962405406187783,7263,1231.9795046514187,2811659352.9211025
0.94,1260900000.0,low,0.01,0.03659735349716447,0.17481327713614853,7379,1289.9471719876399,2943954844.378179
0.95,1260900000.0,low,0.01,0.03827977315689981,0.18171682550539622,7425,1349.247429377567,3079291611.500935
0.96,1260900000.0,low,0.01,0.04,0.1892964925914609,7448,1409.8802768212008,3217669654.2893724
0.97,1260900000.0,low,0.01,0.04175803402646504,0.19575019474910774,7519,1471.845714318541,3359088972.74349
0.98,1260900000.0,low,0.01,0.043553875236294906,0.19363568893410543,7928,1535.1437418695878,3503549566.8632874
0.99,1260900000.0,low,0.01,0.04538752362948961,0.1979673752597872,8081,1599.7743594743404,3651051436.648764
0.5,1260900000.0,low,0.03,0.0,0.0,3161,0.0,0.0
0.51,1260900000.0,low,0.03,5.671077504725909e-05,0.0006323584563617091,3161,1.9988850805593625,4561913.498519913
0.52,1260900000.0,low,0.03,0.00022684310018903636,0.002494708368872839,3205,7.995540322237449,18247653.994079653
0.53,1260900000.0,low,0.03,0.0005103969754253319,0.004958645458939985,3628,17.989965725034267,41057221.486679226
0.54,1260900000.0,low,0.03,0.0009073724007561454,0.008815369704782194,3628,31.9821612889498,72990615.97631861
0.55,1260900000.0,low,0.03,0.0014177693761814772,0.013770219623583371,3629,49.97212701398405,114047837.46299782
0.56,1260900000.0,low,0.03,0.0020415879017013274,0.019785499835066556,3637,71.95986290013707,164228885.9467169
0.57,1260900000.0,low,0.03,0.0027788279773156865,0.025849925824071904,3789,97.94536894740844,223533761.42747504
0.58,1260900000.0,low,0.03,0.0036294896030245713,0.03375425993556697,3790,127.92864515579883,291962463.9052736
0.59,1260900000.0,low,0.03,0.004593572778827975,0.04272023523095197,3790,161.90969152530795,369514993.38011205
0.6,1260900000.0,low,0.03,0.005671077504725896,0.05262993892994623,3798,199.8885080559358,456191349.8519903
0.61,1260900000.0,low,0.03,0.0068620037807183365,0.06344834594640146,3812,241.86509474768238,551991533.3209084
0.62,1260900000.0,low,0.03,0.008166351606805294,0.07550877534117201,3812,287.8394516005477,656915543.7868663
0.63,1260900000.0,low,0.03,0.00958412098298677,0.08833984796405117,3824,337.8115786145317,770963381.249864
0.64,1260900000.0,low,0.03,0.011115311909262763,0.102266112187323,3831,391.7814757896344,894135045.7099016
0.65,1260900000.0,low,0.03,0.012759924385633276,0.10420508413481369,4316,449.7491431258559,1026430537.166979
0.66,1260900000.0,low,0.03,0.01451795841209831,0.11124230013547742,4600,511.7145806231961,1167849855.6210964
0.67,1260900000.0,low,0.03,0.016389413988657855,0.12558212788731632,4600,577.6777882816551,1318393001.0722532
0.68,1260900000.0,low,0.03,0.018374291115311924,0.14079103610896362,4600,647.6387661012327,1478059973.52045
0.69,1260900000.0,low,0.03,0.020472589792060483,0.15498228395230415,4656,721.5975140819281,1646850772.9656847
0.7,1260900000.0,low,0.03,0.022684310018903583,0.17157811850294918,4660,799.5540322237432,1824765399.4079611
0.71,1260900000.0,low,0.03,0.025009451795841207,0.18912429103769085,4661,881.508320526677,2011803852.8472776
0.72,1260900000.0,low,0.03,0.027448015122873346,0.2075204588139703,4662,967.4603789907295,2207966133.2836337
0.73,1260900000.0,low,0.03,0.029999999999999995,0.2214471638986179,4775,1057.4102076159004,2413252240.717029
0.74,1260900000.0,low,0.03,0.032665406427221176,0.23444467652253934,4911,1151.3578064021906,2627662175.147465
0.75,1260900000.0,low,0.03,0.03544423440453687,0.25051196618199306,4987,1249.3031753495993,2851195936.5749407
0.76,1260900000.0,low,0.03,0.03833648393194708,0.2709537426224437,4987,1351.2463144581268,3083853524.999456
0.77,1260900000.0,low,0.03,0.041342155009451806,0.2906816723973215,5013,1457.1872237277728,3325634940.421011
0.78,1260900000.0,low,0.03,0.04446124763705105,0.3126123884218108,5013,1567.1259031585378,3576540182.8396063
0.79,1260900000.0,low,0.03,0.04769376181474482,0.334672974865702,5023,1681.0623527504213,3836569252.2552414
0.8,1260900000.0,low,0.03,0.051039697542533104,0.3579380367097938,5026,1798.9965725034235,4105722148.667916
0.81,1260900000.0,low,0.03,0.0544990548204159,0.33998735618009635,5650,1920.9285624175443,4383998872.07763
0.82,1260900000.0,low,0.03,0.058071833648393176,0.34727830378228414,5894,2046.8583224927827,4671399422.484381
0.83,1260900000.0,low,0.03,0.06175803402646502,0.3690718638062294,5898,2176.785852729141,4967923799.888175
0.84,1260900000.0,low,0.03,0.06555765595463138,0.39098327464071375,5910,2310.7111531266182,5273572004.289009
0.85,1260900000.0,low,0.03,0.06947069943289225,0.4028684145582781,6078,2448.6342236852142,5588344035.686883
0.86,1260900000.0,low,0.03,0.07349716446124764,0.4237087118751928,6114,2590.555064404929,5912239894.081797
0.87,1260900000.0,low,0.03,0.07763705103969755,0.4444491920230246,6157,2736.4736752857625,6245259579.47375
0.88,1260900000.0,low,0.03,0.08189035916824199,0.45584176505491386,6332,2886.390056327715,6587403091.862743
0.89,1260900000.0,low,0.03,0.08625708884688094,0.4451397082768353,6830,3040.304207530785,6938670431.248776
0.9,1260900000.0,low,0.03,0.0907372400756144,0.44186462128971743,7238,3198.2161288949746,7299061597.631849
0.91,1260900000.0,low,0.03,0.09533081285444238,0.464105776301144,7240,3360.1258204202827,7668576591.011962
0.92,1260900000.0,low,0.03,0.10003780718336487,0.4866850630927136,7245,3526.03328210671,8047215411.389114
0.93,1260900000.0,low,0.03,0.10485822306238189,0.5088721621856335,7263,3695.938513954256,8434978058.763307
0.94,1260900000.0,low,0.03,0.10979206049149338,0.5244398314084454,7379,3869.8415159629185,8831864533.134535
0.95,1260900000.0,low,0.03,0.11483931947069942,0.5451504765161886,7425,4047.7422881327007,9237874834.502806
0.96,1260900000.0,low,0.03,0.11999999999999998,0.5678894777743826,7448,4229.640830463602,9653008962.868116
0.97,1260900000.0,low,0.03,0.1252741020793951,0.5872505842473232,7519,4415.5371429556235,10077266918.23047
0.98,1260900000.0,low,0.03,0.1306616257088847,0.5809070668023162,7928,4605.431225608762,10510648700.58986
0.99,1260900000.0,low,0.03,0.13616257088846884,0.5939021257793616,8081,4799.323078423022,10953154309.946293
0.5,1260900000.0,low,0.075,0.0,0.0,3161,0.0,0.0
0.51,1260900000.0,low,0.075,0.00014177693761814773,0.0015808961409042729,3161,4.997212701398406,11404783.746299785
0.52,1260900000.0,low,0.075,0.0005671077504725909,0.006236770922182098,3205,19.988850805593625,45619134.98519914
0.53,1260900000.0,low,0.075,0.0012759924385633296,0.01239661364734996,3628,44.97491431258566,102643053.71669805
0.54,1260900000.0,low,0.075,0.0022684310018903637,0.022038424261955486,3628,79.9554032223745,182476539.94079655
0.55,1260900000.0,low,0.075,0.0035444234404536927,0.03442554905895843,3629,124.93031753496014,285119593.65749454
0.56,1260900000.0,low,0.075,0.0051039697542533185,0.04946374958766638,3637,179.89965725034264,410572214.8667922
0.57,1260900000.0,low,0.075,0.006947069943289216,0.06462481456017975,3789,244.86342236852107,558834403.5686876
0.58,1260900000.0,low,0.075,0.009073724007561429,0.08438564983891744,3790,319.8216128894971,729906159.7631841
0.59,1260900000.0,low,0.075,0.011483931947069937,0.10680058807737992,3790,404.77422881326993,923787483.4502802
0.6,1260900000.0,low,0.075,0.014177693761814741,0.1315748473248656,3798,499.72127013983953,1140478374.6299758
0.61,1260900000.0,low,0.075,0.017155009451795843,0.15862086486600366,3812,604.6627368692059,1379978833.3022711
0.62,1260900000.0,low,0.075,0.020415879017013236,0.18877193835293002,3812,719.5986290013692,1642288859.467166
0.63,1260900000.0,low,0.075,0.023960302457466925,0.22084961991012791,3824,844.5289465363292,1927408453.12466
0.64,1260900000.0,low,0.075,0.027788279773156913,0.2556652804683075,3831,979.453689474086,2235337614.274754
0.65,1260900000.0,low,0.075,0.03189981096408319,0.2605127103370342,4316,1124.3728578146397,2566076342.917447
0.66,1260900000.0,low,0.075,0.03629489603024577,0.27810575033869356,4600,1279.2864515579904,2919624639.0527406
0.67,1260900000.0,low,0.075,0.04097353497164464,0.31395531971829077,4600,1444.1944707041375,3295982502.680633
0.68,1260900000.0,low,0.075,0.04593572778827981,0.3519775902724091,4600,1619.0969152530818,3695149933.8011255
0.69,1260900000.0,low,0.075,0.05118147448015121,0.3874557098807604,4656,1803.9937852048204,4117126932.414212
0.7,1260900000.0,low,0.075,0.056710775047258966,0.428945296257373,4660,1998.8850805593581,4561913498.519903
0.71,1260900000.0,low,0.075,0.06252362948960302,0.47281072759422715,4661,2203.7708013166925,5029509632.118195
0.72,1260900000.0,low,0.075,0.06862003780718337,0.5188011470349257,4662,2418.650947476824,5519915333.2090845
0.73,1260900000.0,low,0.075,0.075,0.5536179097465448,4775,2643.5255190397515,6033130601.792573
0.74,1260900000.0,low,0.075,0.08166351606805294,0.5861116913063484,4911,2878.3945160054773,6569155437.868664
0.75,1260900000.0,low,0.075,0.08861058601134217,0.6262799154549825,4987,3123.2579383739976,7127989841.437351
0.76,1260900000.0,low,0.075,0.0958412098298677,0.6773843565561092,4987,3378.1157861453166,7709633812.49864
0.77,1260900000.0,low,0.075,0.10335538752362952,0.7267041809933038,5013,3642.968059319432,8314087351.052528
0.78,1260900000.0,low,0.075,0.11115311909262765,0.7815309710545271,5013,3917.8147578963444,8941350457.099016
0.79,1260900000.0,low,0.075,0.11923440453686206,0.836682437164255,5023,4202.655881876053,9591423130.638103
0.8,1260900000.0,low,0.075,0.12759924385633276,0.8948450917744843,5026,4497.491431258558,10264305371.669788
0.81,1260900000.0,low,0.075,0.13624763705103976,0.8499683904502409,5650,4802.321406043861,10959997180.194075
0.82,1260900000.0,low,0.075,0.14517958412098295,0.8681957594557104,5894,5117.145806231957,11678498556.210953
0.83,1260900000.0,low,0.075,0.15439508506616256,0.9226796595155737,5898,5441.964631822854,12419809499.72044
0.84,1260900000.0,low,0.075,0.16389413988657844,0.9774581866017844,5910,5776.777882816546,13183930010.722523
0.85,1260900000.0,low,0.075,0.17367674858223062,1.0071710363956952,6078,6121.585559213036,13970860089.217207
0.86,1260900000.0,low,0.075,0.1837429111531191,1.059271779687982,6114,6476.3876610123225,14780599735.20449
0.87,1260900000.0,low,0.075,0.1940926275992439,1.1111229800575615,6157,6841.184188214406,15613148948.684376
0.88,1260900000.0,low,0.075,0.20472589792060497,1.1396044126372846,6332,7215.975140819286,16468507729.656858
0.89,1260900000.0,low,0.075,0.2156427221172023,1.1128492706920883,6830,7600.760518826963,17346676078.12194
0.9,1260900000.0,low,0.075,0.226843100189036,1.1046615532242936,7238,7995.540322237437,18247653994.079624
0.91,1260900000.0,low,0.075,0.23832703213610598,1.1602644407528602,7240,8400.314551050707,19171441477.529907
0.92,1260900000.0,low,0.075,0.2500945179584122,1.216712657731784,7245,8815.083205266774,20118038528.472786
0.93,1260900000.0,low,0.075,0.26214555765595476,1.2721804054640837,7263,9239.84628488564,21087445146.908268
0.94,1260900000.0,low,0.075,0.2744801512287335,1.3110995785211135,7379,9674.603789907296,22079661332.836338
0.95,1260900000.0,low,0.075,0.2870982986767486,1.3628761912904717,7425,10119.355720331752,23094687086.257015
0.96,1260900000.0,low,0.075,0.3,1.4197236944359566,7448,10574.102076159004,24132522407.17029
0.97,1260900000.0,low,0.075,0.3131852551984878,1.468126460618308,7519,11038.842857389058,25193167295.576176
0.98,1260900000.0,low,0.075,0.3266540642722118,1.4522676670057906,7928,11513.578064021907,26276621751.474655
0.99,1260900000.0,low,0.075,0.3404064272211721,1.4847553144484038,8081,11998.30769605755,27382885774.86573
0.5,1260900000.0,low,0.5,0.0,0.0,3161,0.0,0.0
0.51,1260900000.0,low,0.5,0.0009451795841209849,0.010539307606028486,3161,33.314751342656045,76031891.64199856
0.52,1260900000.0,low,0.5,0.0037807183364839394,0.04157847281454732,3205,133.25900537062415,304127566.56799424
0.53,1260900000.0,low,0.5,0.008506616257088864,0.08264409098233307,3628,299.83276208390436,684287024.777987
0.54,1260900000.0,low,0.5,0.015122873345935758,0.14692282841303658,3628,533.0360214824967,1216510266.271977
0.55,1260900000.0,low,0.5,0.02362948960302462,0.22950366039305617,3629,832.8687835664008,1900797291.0499637
0.56,1260900000.0,low,0.5,0.034026465028355456,0.32975833058444254,3637,1199.3310483356174,2737148099.111948
0.57,1260900000.0,low,0.5,0.04631379962192811,0.43083209706786507,3789,1632.4228157901407,3725562690.457917
0.58,1260900000.0,low,0.5,0.060491493383742864,0.5625709989261164,3790,2132.144085929981,4866041065.087894
0.59,1260900000.0,low,0.5,0.07655954631379959,0.7120039205158663,3790,2698.494858755133,6158583223.001868
0.6,1260900000.0,low,0.5,0.09451795841209827,0.8771656488324373,3798,3331.475134265597,7603189164.199839
0.61,1260900000.0,low,0.5,0.11436672967863895,1.0574724324400246,3812,4031.0849124613737,9199858888.681808
0.62,1260900000.0,low,0.5,0.13610586011342157,1.2584795890195335,3812,4797.3241933424615,10948592396.447773
0.63,1260900000.0,low,0.5,0.15973534971644618,1.4723307994008532,3824,5630.192976908863,12849389687.497736
0.64,1260900000.0,low,0.5,0.18525519848771274,1.7044352031220502,3831,6529.691263160575,14902250761.831694
0.65,1260900000.0,low,0.5,0.2126654064272213,1.7367514022468948,4316,7495.819052097598,17107175619.44965
0.66,1260900000.0,low,0.5,0.2419659735349718,1.8540383355912904,4600,8528.576343719937,19464164260.351604
0.67,1260900000.0,low,0.5,0.27315689981096425,2.093035464788605,4600,9627.963138027582,21973216684.53755
0.68,1260900000.0,low,0.5,0.30623818525519875,2.346517268482727,4600,10793.979435020545,24634332892.007504
0.69,1260900000.0,low,0.5,0.34120982986767473,2.583038065871736,4656,12026.625234698802,27447512882.761414
0.7,1260900000.0,low,0.5,0.3780718336483931,2.8596353083824866,4660,13325.900537062387,30412756656.799355
0.71,1260900000.0,low,0.5,0.4168241965973535,3.1520715172948477,4661,14691.805342111285,33530064214.121296
0.72,1260900000.0,low,0.5,0.4574669187145558,3.4586743135661724,4662,16124.339649845495,36799435554.727234
0.73,1260900000.0,low,0.5,0.5,3.6907860649769657,4775,17623.503460265012,40220870678.61716
0.74,1260900000.0,low,0.5,0.5444234404536863,3.907411275375656,4911,19189.296773369846,43794369585.79109
0.75,1260900000.0,low,0.5,0.5907372400756145,4.17519943636655,4987,20821.719589159984,47519932276.24901
0.76,1260900000.0,low,0.5,0.6389413988657847,4.515895710374062,4987,22520.771907635448,51397558749.990944
0.77,1260900000.0,low,0.5,0.6890359168241968,4.844694539955359,5013,24286.453728796216,55427249007.01686
0.78,1260900000.0,low,0.5,0.741020793950851,5.210206473696847,5013,26118.765052642295,59609003047.326775
0.79,1260900000.0,low,0.5,0.7948960302457471,5.5778829144283675,5023,28017.70587917369,63942820870.92069
0.8,1260900000.0,low,0.5,0.8506616257088851,5.96563394516323,5026,29983.276208390394,68428702477.7986
0.81,1260900000.0,low,0.5,0.9083175803402652,5.66645593633494,5650,32015.47604029241,73066647867.96051
0.82,1260900000.0,low,0.5,0.9678638941398864,5.787971729704736,5894,34114.30537487972,77856657041.40636
0.83,1260900000.0,low,0.5,1.0,5.9760947644167555,5898,35247.006920530024,80441741357.23431
0.84,1260900000.0,low,0.5,1.0,5.963960561849412,5910,35247.006920530024,80441741357.23431
0.85,1260900000.0,low,0.5,1.0,5.79911268847154,6078,35247.006920530024,80441741357.23431
0.86,1260900000.0,low,0.5,1.0,5.764966784515869,6114,35247.006920530024,80441741357.23431
0.87,1260900000.0,low,0.5,1.0,5.7247047134205005,6157,35247.006920530024,80441741357.23431
0.88,1260900000.0,low,0.5,1.0,5.5664887745625435,6332,35247.006920530024,80441741357.23431
0.89,1260900000.0,low,0.5,1.0,5.160615947368964,6830,35247.006920530024,80441741357.23431
0.9,1260900000.0,low,0.5,1.0,4.869716347130426,7238,35247.006920530024,80441741357.23431
0.91,1260900000.0,low,0.5,1.0,4.868371121620168,7240,35247.00692053002,80441741357.23431
0.92,1260900000.0,low,0.5,1.0,4.865011307181508,7245,35247.006920530024,80441741357.23431
0.93,1260900000.0,low,0.5,1.0,4.852954277919595,7263,35247.006920530024,80441741357.23431
0.94,1260900000.0,low,0.5,1.0,4.776664442408189,7379,35247.00692053003,80441741357.23431
0.95,1260900000.0,low,0.5,1.0,4.747071639128623,7425,35247.006920530024,80441741357.23431
0.96,1260900000.0,low,0.5,1.0,4.732412314786522,7448,35247.00692053002,80441741357.23431
0.97,1260900000.0,low,0.5,1.0,4.687725351845993,7519,35247.00692053002,80441741357.23431
0.98,1260900000.0,low,0.5,1.0,4.445888864849902,7928,35247.006920530024,80441741357.23431
0.99,1260900000.0,low,0.5,1.0,4.361713515719592,8081,35247.006920530024,80441741357.23431
0.5,2434800000.0,mid,0.01,0.0,0.0,3161,0.0,0.0
0.51,2434800000.0,mid,0.01,1.89035916824197e-05,0.00010915896961098504,3161,0.3450515029403237,1520637.8328399712
0.52,2434800000.0,mid,0.01,7.56143667296788e-05,0.00043064150132957713,3205,1.3802060117612946,6082551.331359885
0.53,2434800000.0,mid,0.01,0.00017013232514177728,0.0008559712035454556,3628,3.105463526462913,13685740.49555974
0.54,2434800000.0,mid,0.01,0.0003024574669187152,0.0015217265840808101,3628,5.5208240470451795,24330205.32543954
0.55,2434800000.0,mid,0.01,0.00047258979206049243,0.002377042593967509,3629,8.62628757350809,38015945.82099928
0.56,2434800000.0,mid,0.01,0.0006805293005671091,0.0034154121819773586,3637,12.421854105851653,54742961.98223896
0.57,2434800000.0,mid,0.01,0.000926275992438562,0.004462265411474216,3789,16.907523644075802,74511253.80915834
0.58,2434800000.0,mid,0.01,0.0012098298676748572,0.00582672722643289,3790,22.083296188180654,97320821.30175789
0.59,2434800000.0,mid,0.01,0.0015311909262759919,0.0073744516459541285,3790,27.949171738166147,123171664.46003737
0.6,2434800000.0,mid,0.01,0.0018903591682419654,0.009085084332288648,3798,34.50515029403228,152063783.28399676
0.61,2434800000.0,mid,0.01,0.0022873345935727793,0.010952579185671326,3812,41.751231855779096,183997177.7736362
0.62,2434800000.0,mid,0.01,0.0027221172022684316,0.013034474402782404,3812,49.687416423406525,218971847.92895547
0.63,2434800000.0,mid,0.01,0.0031947069943289237,0.015249399580783106,3824,58.3137039969146,256987793.7499547
0.64,2434800000.0,mid,0.01,0.0037051039697542543,0.017653378902715566,3831,67.63009457630334,298045015.23663384
0.65,2434800000.0,mid,0.01,0.004253308128544426,0.01798808808192139,4316,77.63658816157272,342143512.388993
0.66,2434800000.0,mid,0.01,0.004839319470699437,0.019202866250591904,4600,88.33318475272276,389283285.20703214
0.67,2434800000.0,mid,0.01,0.005463137996219285,0.021678235728207262,4600,99.71988434975341,439464333.6907511
0.68,2434800000.0,mid,0.01,0.006124763705103975,0.02430362759840538,4600,111.79668695266474,492686657.8401501
0.69,2434800000.0,mid,0.01,0.006824196597353496,0.02675334891783861,4656,124.56359256145657,548950257.6552284
0.7,2434800000.0,mid,0.01,0.0075614366729678615,0.029618154758825996,4660,138.02060117612913,608255133.135987
0.71,2434800000.0,mid,0.01,0.00833648393194707,0.03264700982550578,4661,152.16771279668245,670601284.282426
0.72,2434800000.0,mid,0.01,0.009149338374291117,0.03582259275485122,4662,167.00492742311638,735988711.0945448
0.73,2434800000.0,mid,0.01,0.01,0.038226648179147824,4775,182.53224505543085,804417413.5723431
0.74,2434800000.0,mid,0.01,0.010888468809073727,0.040470304559891285,4911,198.7496656936261,875887391.7158219
0.75,2434800000.0,mid,0.01,0.011814744801512289,0.043243871934570265,4987,215.6571893377019,950398645.5249802
0.76,2434800000.0,mid,0.01,0.012778827977315695,0.04677257188443121,4987,233.25481598765845,1027951174.9998188
0.77,2434800000.0,mid,0.01,0.013780718336483937,0.05017804620855686,5013,251.54254564349554,1108544980.1403372
0.78,2434800000.0,mid,0.01,0.014820415879017017,0.0539637698594082,5013,270.5203783052133,1192180060.9465353
0.79,2434800000.0,mid,0.01,0.01589792060491494,0.057771911999365266,5023,290.1883139728117,1278856417.4184136
0.8,2434800000.0,mid,0.01,0.017013232514177704,0.06178797306929783,5026,310.54635264629087,1368574049.555972
0.81,2434800000.0,mid,0.01,0.0181663516068053,0.05868929103108859,5650,331.59449432565054,1461332957.35921
0.82,2434800000.0,mid,0.01,0.019357277882797726,0.059947868851525386,5894,353.33273901089063,1557133140.828127
0.83,2434800000.0,mid,0.01,0.02058601134215501,0.06370991636181957,5898,375.7610867020118,1655974599.9627254
0.84,2434800000.0,mid,0.01,0.021852551984877126,0.06749230751252341,5910,398.8795373990134,1757857334.763003
0.85,2434800000.0,mid,0.01,0.023156899810964086,0.06954394391278311,6078,422.68809110189574,1862781345.2289612
0.86,2434800000.0,mid,0.01,0.024499054820415884,0.07314143732591735,6114,447.1867478106587,1970746631.360599
0.87,2434800000.0,mid,0.01,0.02587901701323252,0.07672170010155957,6157,472.3755075253023,2081753193.1579168
0.88,2434800000.0,mid,0.01,0.027296786389413994,0.07868830863010526,6332,498.2543702458265,2195801030.6209145
0.89,2434800000.0,mid,0.01,0.028752362948960313,0.0768408983853926,6830,524.8233359722315,2312890143.7495923
0.9,2434800000.0,mid,0.01,0.03024574669187147,0.0762755463808396,7238,552.082404704517,2433020532.54395
0.91,2434800000.0,mid,0.01,0.03177693761814746,0.08011485862467999,7240,580.0315764426831,2556192197.0039873
0.92,2434800000.0,mid,0.01,0.033345935727788295,0.08401253984633955,7245,608.67085118673,2682405137.129705
0.93,2434800000.0,mid,0.01,0.034952741020793966,0.08784252085042786,7263,638.0002289366575,2811659352.9211025
0.94,2434800000.0,mid,0.01,0.03659735349716447,0.09052984275545001,7379,668.0197096924657,2943954844.378179
0.95,2434800000.0,mid,0.01,0.03827977315689981,0.0941049553473608,7425,698.7292934541539,3079291611.500935
0.96,2434800000.0,mid,0.01,0.04,0.09803020679668681,7448,730.1289802217234,3217669654.2893724
0.97,2434800000.0,mid,0.01,0.04175803402646504,0.10137235935565547,7519,762.2187699951735,3359088972.74349
0.98,2434800000.0,mid,0.01,0.043553875236294906,0.10027732880606766,7928,794.9986627745044,3503549566.8632874
0.99,2434800000.0,mid,0.01,0.04538752362948961,0.10252056163342602,8081,828.4686585597157,3651051436.648764
0.5,2434800000.0,mid,0.03,0.0,0.0,3161,0.0,0.0
0.51,2434800000.0,mid,0.03,5.671077504725909e-05,0.00032747690883295507,3161,1.035154508820971,4561913.498519913
0.52,2434800000.0,mid,0.03,0.00022684310018903636,0.0012919245039887312,3205,4.140618035283883,18247653.994079653
0.53,2434800000.0,mid,0.03,0.0005103969754253319,0.0025679136106363672,3628,9.31639057938874,41057221.486679226
0.54,2434800000.0,mid,0.03,0.0009073724007561454,0.00456517975224243,3628,16.562472141135537,72990615.97631861
0.55,2434800000.0,mid,0.03,0.0014177693761814772,0.007131127781902526,3629,25.878862720524268,114047837.46299782
0.56,2434800000.0,mid,0.03,0.0020415879017013274,0.010246236545932076,3637,37.26556231755496,164228885.9467169
0.57,2434800000.0,mid,0.03,0.0027788279773156865,0.013386796234422649,3789,50.72257093222742,223533761.42747504
0.58,2434800000.0,mid,0.03,0.0036294896030245713,0.017480181679298667,3790,66.24988856454195,291962463.9052736
0.59,2434800000.0,mid,0.03,0.004593572778827975,0.022123354937862383,3790,83.84751521449843,369514993.38011205
0.6,2434800000.0,mid,0.03,0.005671077504725896,0.027255252996865945,3798,103.51545088209686,456191349.8519903
0.61,2434800000.0,mid,0.03,0.0068620037807183365,0.03285773755701397,3812,125.25369556733725,551991533.3209084
0.62,2434800000.0,mid,0.03,0.008166351606805294,0.039103423208347206,3812,149.06224927021955,656915543.7868663
0.63,2434800000.0,mid,0.03,0.00958412098298677,0.04574819874234931,3824,174.94111199074376,770963381.249864
0.64,2434800000.0,mid,0.03,0.011115311909262763,0.0529601367081467,3831,202.89028372891,894135045.7099016
0.65,2434800000.0,mid,0.03,0.012759924385633276,0.053964264245764164,4316,232.90976448471812,1026430537.166979
0.66,2434800000.0,mid,0.03,0.01451795841209831,0.05760859875177571,4600,264.99955425816825,1167849855.6210964
0.67,2434800000.0,mid,0.03,0.016389413988657855,0.06503470718462179,4600,299.1596530492602,1318393001.0722532
0.68,2434800000.0,mid,0.03,0.018374291115311924,0.07291088279521613,4600,335.3900608579942,1478059973.52045
0.69,2434800000.0,mid,0.03,0.020472589792060483,0.0802600467535158,4656,373.6907776843696,1646850772.9656847
0.7,2434800000.0,mid,0.03,0.022684310018903583,0.08885446427647799,4660,414.06180352838743,1824765399.4079611
0.71,2434800000.0,mid,0.03,0.025009451795841207,0.09794102947651732,4661,456.50313839004724,2011803852.8472776
0.72,2434800000.0,mid,0.03,0.027448015122873346,0.10746777826455362,4662,501.0147822693489,2207966133.2836337
0.73,2434800000.0,mid,0.03,0.029999999999999995,0.11467994453744346,4775,547.5967351662925,2413252240.717029
0.74,2434800000.0,mid,0.03,0.032665406427221176,0.12141091367967383,4911,596.2489970808782,2627662175.147465
0.75,2434800000.0,mid,0.03,0.03544423440453687,0.1297316158037108,4987,646.9715680131056,2851195936.5749407
0.76,2434800000.0,mid,0.03,0.03833648393194708,0.1403177156532936,4987,699.7644479629752,3083853524.999456
0.77,2434800000.0,mid,0.03,0.041342155009451806,0.15053413862567055,5013,754.6276369304865,3325634940.421011
0.78,2434800000.0,mid,0.03,0.04446124763705105,0.16189130957822462,5013,811.56113491564,3576540182.8396063
0.79,2434800000.0,mid,0.03,0.04769376181474482,0.17331573599809583,5023,870.5649419184354,3836569252.2552414
0.8,2434800000.0,mid,0.03,0.051039697542533104,0.18536391920789344,5026,931.6390579388724,4105722148.667916
0.81,2434800000.0,mid,0.03,0.0544990548204159,0.17606787309326577,5650,994.7834829769516,4383998872.07763
0.82,2434800000.0,mid,0.03,0.058071833648393176,0.17984360655457615,5894,1059.9982170326718,4671399422.484381
0.83,2434800000.0,mid,0.03,0.06175803402646502,0.19112974908545863,5898,1127.283260106035,4967923799.888175
0.84,2434800000.0,mid,0.03,0.06555765595463138,0.20247692253757021,5910,1196.63861219704,5273572004.289009
0.85,2434800000.0,mid,0.03,0.06947069943289225,0.2086318317383493,6078,1268.064273305687,5588344035.686883
0.86,2434800000.0,mid,0.03,0.07349716446124764,0.21942431197775203,6114,1341.560243431976,5912239894.081797
0.87,2434800000.0,mid,0.03,0.07763705103969755,0.2301651003046787,6157,1417.1265225759068,6245259579.47375
0.88,2434800000.0,mid,0.03,0.08189035916824199,0.23606492589031577,6332,1494.7631107374796,6587403091.862743
0.89,2434800000.0,mid,0.03,0.08625708884688094,0.23052269515617776,6830,1574.4700079166942,6938670431.248776
0.9,2434800000.0,mid,0.03,0.0907372400756144,0.22882663914251877,7238,1656.2472141135509,7299061597.631849
0.91,2434800000.0,mid,0.03,0.09533081285444238,0.24034457587403996,7240,1740.0947293280492,7668576591.011962
0.92,2434800000.0,mid,0.03,0.10003780718336487,0.25203761953901865,7245,1826.01255356019,8047215411.389114
0.93,2434800000.0,mid,0.03,0.10485822306238189,0.26352756255128357,7263,1914.0006868099726,8434978058.763307
0.94,2434800000.0,mid,0.03,0.10979206049149338,0.2715895282663499,7379,2004.059129077396,8831864533.134535
0.95,2434800000.0,mid,0.03,0.11483931947069942,0.28231486604208245,7425,2096.1878803624622,9237874834.502806
0.96,2434800000.0,mid,0.03,0.11999999999999998,0.2940906203900604,7448,2190.3869406651697,9653008962.868116
0.97,2434800000.0,mid,0.03,0.1252741020793951,0.3041170780669664,7519,2286.6563099855207,10077266918.23047
0.98,2434800000.0,mid,0.03,0.1306616257088847,0.3008319864182029,7928,2384.995988323513,10510648700.58986
0.99,2434800000.0,mid,0.03,0.13616257088846884,0.3075616849002781,8081,2485.405975679147,10953154309.946293
0.5,2434800000.0,mid,0.075,0.0,0.0,3161,0.0,0.0
0.51,2434800000.0,mid,0.075,0.00014177693761814773,0.0008186922720823877,3161,2.587886272052428,11404783.746299785
0.52,2434800000.0,mid,0.075,0.0005671077504725909,0.0032298112599718288,3205,10.351545088209711,45619134.98519914
0.53,2434800000.0,mid,0.075,0.0012759924385633296,0.006419784026590917,3628,23.29097644847185,102643053.71669805
0.54,2434800000.0,mid,0.075,0.0022684310018903637,0.011412949380606077,3628,41.406180352838845,182476539.94079655
0.55,2434800000.0,mid,0.075,0.0035444234404536927,0.017827819454756318,3629,64.69715680131068,285119593.65749454
0.56,2434800000.0,mid,0.075,0.0051039697542533185,0.025615591364830187,3637,93.1639057938874,410572214.8667922
0.57,2434800000.0,mid,0.075,0.006947069943289216,0.03346699058605662,3789,126.80642733056854,558834403.5686876
0.58,2434800000.0,mid,0.075,0.009073724007561429,0.04370045419824667,3790,165.62472141135487,729906159.7631841
0.59,2434800000.0,mid,0.075,0.011483931947069937,0.05530838734465596,3790,209.6187880362461,923787483.4502802
0.6,2434800000.0,mid,0.075,0.014177693761814741,0.06813813249216487,3798,258.78862720524216,1140478374.6299758
0.61,2434800000.0,mid,0.075,0.017155009451795843,0.08214434389253492,3812,313.1342389183431,1379978833.3022711
0.62,2434800000.0,mid,0.075,0.020415879017013236,0.09775855802086802,3812,372.6556231755489,1642288859.467166
0.63,2434800000.0,mid,0.075,0.023960302457466925,0.11437049685587328,3824,437.35277997685944,1927408453.12466
0.64,2434800000.0,mid,0.075,0.027788279773156913,0.13240034177036675,3831,507.225709322275,2235337614.274754
0.65,2434800000.0,mid,0.075,0.03189981096408319,0.1349106606144104,4316,582.2744112117953,2566076342.917447
0.66,2434800000.0,mid,0.075,0.03629489603024577,0.14402149687943924,4600,662.4988856454205,2919624639.0527406
0.67,2434800000.0,mid,0.075,0.04097353497164464,0.16258676796155447,4600,747.8991326231505,3295982502.680633
0.68,2434800000.0,mid,0.075,0.04593572778827981,0.18227720698804034,4600,838.4751521449856,3695149933.8011255
0.69,2434800000.0,mid,0.075,0.05118147448015121,0.20065011688378956,4656,934.2269442109242,4117126932.414212
0.7,2434800000.0,mid,0.075,0.056710775047258966,0.222136160691195,4660,1035.1545088209687,4561913498.519903
0.71,2434800000.0,mid,0.075,0.06252362948960302,0.24485257369129335,4661,1141.2578459751182,5029509632.118195
0.72,2434800000.0,mid,0.075,0.06862003780718337,0.26866944566138407,4662,1252.5369556733724,5519915333.2090845
0.73,2434800000.0,mid,0.075,0.075,0.28669986134360864,4775,1368.9918379157314,6033130601.792573
0.74,2434800000.0,mid,0.075,0.08166351606805294,0.3035272841991846,4911,1490.6224927021956,6569155437.868664
0.75,2434800000.0,mid,0.075,0.08861058601134217,0.32432903950927694,4987,1617.4289200327642,7127989841.437351
0.76,2434800000.0,mid,0.075,0.0958412098298677,0.350794289133234,4987,1749.411119907438,7709633812.49864
0.77,2434800000.0,mid,0.075,0.10335538752362952,0.37633534656417644,5013,1886.5690923262166,8314087351.052528
0.78,2434800000.0,mid,0.075,0.11115311909262765,0.40472827394556155,5013,2028.9028372891,8941350457.099016
0.79,2434800000.0,mid,0.075,0.11923440453686206,0.43328933999523955,5023,2176.4123547960885,9591423130.638103
0.8,2434800000.0,mid,0.075,0.12759924385633276,0.4634097980197336,5026,2329.097644847181,10264305371.669788
0.81,2434800000.0,mid,0.075,0.13624763705103976,0.4401696827331644,5650,2486.958707442379,10959997180.194075
0.82,2434800000.0,mid,0.075,0.14517958412098295,0.44960901638644046,5894,2649.99554258168,11678498556.210953
0.83,2434800000.0,mid,0.075,0.15439508506616256,0.4778243727136467,5898,2818.208150265088,12419809499.72044
0.84,2434800000.0,mid,0.075,0.16389413988657844,0.5061923063439255,5910,2991.5965304926,13183930010.722523
0.85,2434800000.0,mid,0.075,0.17367674858223062,0.5215795793458732,6078,3170.1606832642174,13970860089.217207
0.86,2434800000.0,mid,0.075,0.1837429111531191,0.54856077994438,6114,3353.900608579939,14780599735.20449
0.87,2434800000.0,mid,0.075,0.1940926275992439,0.5754127507616967,6157,3542.816306439767,15613148948.684376
0.88,2434800000.0,mid,0.075,0.20472589792060497,0.5901623147257894,6332,3736.9077768436982,16468507729.656858
0.89,2434800000.0,mid,0.075,0.2156427221172023,0.5763067378904444,6830,3936.1750197917354,17346676078.12194
0.9,2434800000.0,mid,0.075,0.226843100189036,0.572066597856297,7238,4140.618035283877,18247653994.079624
0.91,2434800000.0,mid,0.075,0.23832703213610598,0.6008614396851,7240,4350.236823320124,19171441477.529907
0.92,2434800000.0,mid,0.075,0.2500945179584122,0.6300940488475466,7245,4565.031383900475,20118038528.472786
0.93,2434800000.0,mid,0.075,0.26214555765595476,0.658818906378209,7263,4785.001717024931,21087445146.908268
0.94,2434800000.0,mid,0.075,0.2744801512287335,0.6789738206658749,7379,5010.1478226934905,22079661332.836338
0.95,2434800000.0,mid,0.075,0.2870982986767486,0.7057871651052061,7425,5240.469700906156,23094687086.257015
0.96,2434800000.0,mid,0.075,0.3,0.735226550975151,7448,5475.967351662925,24132522407.17029
0.97,2434800000.0,mid,0.075,0.3131852551984878,0.760292695167416,7519,5716.640774963801,25193167295.576176
0.98,2434800000.0,mid,0.075,0.3266540642722118,0.7520799660455074,7928,5962.489970808783,26276621751.474655
0.99,2434800000.0,mid,0.075,0.3404064272211721,0.7689042122506952,8081,6213.5149391978675,27382885774.86573
0.5,2434800000.0,mid,0.5,0.0,0.0,3161,0.0,0.0
0.51,2434800000.0,mid,0.5,0.0009451795841209849,0.005457948480549251,3161,17.252575147016184,76031891.64199856
0.52,2434800000.0,mid,0.5,0.0037807183364839394,0.02153207506647886,3205,69.01030058806474,304127566.56799424
0.53,2434800000.0,mid,0.5,0.008506616257088864,0.04279856017727278,3628,155.27317632314563,684287024.777987
0.54,2434800000.0,mid,0.5,0.015122873345935758,0.0760863292040405,3628,276.04120235225895,1216510266.271977
0.55,2434800000.0,mid,0.5,0.02362948960302462,0.11885212969837544,3629,431.3143786754045,1900797291.0499637
0.56,2434800000.0,mid,0.5,0.034026465028355456,0.1707706090988679,3637,621.0927052925825,2737148099.111948
0.57,2434800000.0,mid,0.5,0.04631379962192811,0.2231132705737108,3789,845.3761822037902,3725562690.457917
0.58,2434800000.0,mid,0.5,0.060491493383742864,0.2913363613216445,3790,1104.1648094090326,4866041065.087894
0.59,2434800000.0,mid,0.5,0.07655954631379959,0.36872258229770644,3790,1397.4585869083073,6158583223.001868
0.6,2434800000.0,mid,0.5,0.09451795841209827,0.45425421661443244,3798,1725.2575147016144,7603189164.199839
0.61,2434800000.0,mid,0.5,0.11436672967863895,0.5476289592835663,3812,2087.5615927889544,9199858888.681808
0.62,2434800000.0,mid,0.5,0.13610586011342157,0.6517237201391202,3812,2484.370821170326,10948592396.447773
0.63,2434800000.0,mid,0.5,0.15973534971644618,0.7624699790391554,3824,2915.68519984573,12849389687.497736
0.64,2434800000.0,mid,0.5,0.18525519848771274,0.8826689451357784,3831,3381.5047288151673,14902250761.831694
0.65,2434800000.0,mid,0.5,0.2126654064272213,0.8994044040960694,4316,3881.8294080786354,17107175619.44965
0.66,2434800000.0,mid,0.5,0.2419659735349718,0.9601433125295951,4600,4416.659237636138,19464164260.351604
0.67,2434800000.0,mid,0.5,0.27315689981096425,1.0839117864103631,4600,4985.9942174876705,21973216684.53755
0.68,2434800000.0,mid,0.5,0.30623818525519875,1.2151813799202689,4600,5589.834347633237,24634332892.007504
0.69,2434800000.0,mid,0.5,0.34120982986767473,1.3376674458919302,4656,6228.179628072827,27447512882.761414
0.7,2434800000.0,mid,0.5,0.3780718336483931,1.4809077379413,4660,6901.030058806458,30412756656.799355
0.71,2434800000.0,mid,0.5,0.4168241965973535,1.6323504912752889,4661,7608.385639834121,33530064214.121296
0.72,2434800000.0,mid,0.5,0.4574669187145558,1.7911296377425605,4662,8350.246371155818,36799435554.727234
0.73,2434800000.0,mid,0.5,0.5,1.9113324089573913,4775,9126.612252771543,40220870678.61716
0.74,2434800000.0,mid,0.5,0.5444234404536863,2.0235152279945643,4911,9937.483284681306,43794369585.79109
0.75,2434800000.0,mid,0.5,0.5907372400756145,2.162193596728513,4987,10782.859466885095,47519932276.24901
0.76,2434800000.0,mid,0.5,0.6389413988657847,2.3386285942215603,4987,11662.740799382922,51397558749.990944
0.77,2434800000.0,mid,0.5,0.6890359168241968,2.5089023104278434,5013,12577.127282174779,55427249007.01686
0.78,2434800000.0,mid,0.5,0.741020793950851,2.6981884929704103,5013,13526.018915260667,59609003047.326775
0.79,2434800000.0,mid,0.5,0.7948960302457471,2.888595599968264,5023,14509.41569864059,63942820870.92069
0.8,2434800000.0,mid,0.5,0.8506616257088851,3.089398653464891,5026,15527.317632314544,68428702477.7986
0.81,2434800000.0,mid,0.5,0.9083175803402652,2.93446455155443,5650,16579.72471628253,73066647867.96051
0.82,2434800000.0,mid,0.5,0.9678638941398864,2.99739344257627,5894,17666.636950544536,77856657041.40636
0.83,2434800000.0,mid,0.5,1.0,3.094815955500693,5898,18253.224505543087,80441741357.23431
0.84,2434800000.0,mid,0.5,1.0,3.0885320652357167,5910,18253.224505543087,80441741357.23431
0.85,2434800000.0,mid,0.5,1.0,3.0031629657030416,6078,18253.224505543087,80441741357.23431
0.86,2434800000.0,mid,0.5,1.0,2.985479964923632,6114,18253.224505543087,80441741357.23431
0.87,2434800000.0,mid,0.5,1.0,2.964629609475895,6157,18253.224505543087,80441741357.23431
0.88,2434800000.0,mid,0.5,1.0,2.882694962972692,6332,18253.224505543087,80441741357.23431
0.89,2434800000.0,mid,0.5,1.0,2.672507248249354,6830,18253.224505543087,80441741357.23431
0.9,2434800000.0,mid,0.5,1.0,2.5218602522165083,7238,18253.224505543087,80441741357.23431
0.91,2434800000.0,mid,0.5,1.0,2.521163605737995,7240,18253.224505543083,80441741357.23431
0.92,2434800000.0,mid,0.5,1.0,2.519423672262676,7245,18253.224505543087,80441741357.23431
0.93,2434800000.0,mid,0.5,1.0,2.5131797474243545,7263,18253.224505543087,80441741357.23431
0.94,2434800000.0,mid,0.5,1.0,2.4736718397537727,7379,18253.22450554309,80441741357.23431
0.95,2434800000.0,mid,0.5,1.0,2.4583467347532775,7425,18253.224505543087,80441741357.23431
0.96,2434800000.0,mid,0.5,1.0,2.45075516991717,7448,18253.224505543083,80441741357.23431
0.97,2434800000.0,mid,0.5,1.0,2.4276133136777607,7519,18253.224505543083,80441741357.23431
0.98,2434800000.0,mid,0.5,1.0,2.302374433090702,7928,18253.224505543083,80441741357.23431
0.99,2434800000.0,mid,0.5,1.0,2.258782886467403,8081,18253.224505543083,80441741357.23431
0.5,3695700000.0,high,0.01,0.0,0.0,3161,0.0,0.0
0.51,3695700000.0,high,0.01,1.89035916824197e-05,7.19160806366389e-05,3161,0.22732673089241553,1520637.8328399712
0.52,3695700000.0,high,0.01,7.56143667296788e-05,0.0002837151087580849,3205,0.9093069235696621,6082551.331359885
0.53,3695700000.0,high,0.01,0.00017013232514177728,0.0005639306995677343,3628,2.04594057803174,13685740.49555974
0.54,3695700000.0,high,0.01,0.0003024574669187152,0.0010025434658981942,3628,3.6372276942786486,24330205.32543954
0.55,3695700000.0,high,0.01,0.00047258979206049243,0.0015660425109700713,3629,5.683168272310389,38015945.82099928
0.56,3695700000.0,high,0.01,0.0006805293005671091,0.0022501408611842067,3637,8.18376231212696,54742961.98223896
0.57,3695700000.0,high,0.01,0.000926275992438562,0.002939828401617399,3789,11.139009813728324,74511253.80915834
0.58,3695700000.0,high,0.01,0.0012098298676748572,0.003838762738024948,3790,14.548910777114553,97320821.30175789
0.59,3695700000.0,high,0.01,0.0015311909262759919,0.004858434090312826,3790,18.41346520228561,123171664.46003737
0.6,3695700000.0,high,0.01,0.0018903591682419654,0.005985432619600184,3798,22.7326730892415,152063783.28399676
0.61,3695700000.0,high,0.01,0.0022873345935727793,0.007215775036196808,3812,27.506534437982232,183997177.7736362
0.62,3695700000.0,high,0.01,0.0027221172022684316,0.008587368638118514,3812,32.73504924850778,218971847.92895547
0.63,3695700000.0,high,0.01,0.0031947069943289237,0.010046605000213952,3824,38.41821752081815,256987793.7499547
0.64,3695700000.0,high,0.01,0.0037051039697542543,0.011630393958473864,3831,44.55603925491337,298045015.23663384
0.65,3695700000.0,high,0.01,0.004253308128544426,0.01185090696264908,4316,51.14851445079343,342143512.388993
0.66,3695700000.0,high,0.01,0.004839319470699437,0.012651226762708327,4600,58.195643108458306,389283285.20703214
0.67,3695700000.0,high,0.01,0.005463137996219285,0.014282048962588697,4600,65.697425227908,439464333.6907511
0.68,3695700000.0,high,0.01,0.006124763705103975,0.01601170887155273,4600,73.65386080914256,492686657.8401501
0.69,3695700000.0,high,0.01,0.006824196597353496,0.017625633559313108,4656,82.06494985216183,548950257.6552284
0.7,3695700000.0,high,0.01,0.0075614366729678615,0.01951302411093691,4660,90.93069235696599,608255133.135987
0.71,3695700000.0,high,0.01,0.00833648393194707,0.02150849352575736,4661,100.25108832355507,670601284.282426
0.72,3695700000.0,high,0.01,0.009149338374291117,0.023600630148418903,4662,110.02613775192893,735988711.0945448
0.73,3695700000.0,high,0.01,0.01,0.025184469244416245,4775,120.25584064208758,804417413.5723431
0.74,3695700000.0,high,0.01,0.010888468809073727,0.02666263428915315,4911,130.9401969940311,875887391.7158219
0.75,3695700000.0,high,0.01,0.011814744801512289,0.028489915140918275,4987,142.07920680775945,950398645.5249802
0.76,3695700000.0,high,0.01,0.012778827977315695,0.030814692216417215,4987,153.67287008327264,1027951174.9998188
0.77,3695700000.0,high,0.01,0.013780718336483937,0.03305828582097958,5013,165.72118682057064,1108544980.1403372
0.78,3695700000.0,high,0.01,0.014820415879017017,0.035552395176471865,5013,178.22415701965346,1192180060.9465353
0.79,3695700000.0,high,0.01,0.01589792060491494,0.0380612742744418,5023,191.18178068052117,1278856417.4184136
0.8,3695700000.0,high,0.01,0.017013232514177704,0.04070713446143528,5026,204.5940578031737,1368574049.555972
0.81,3695700000.0,high,0.01,0.0181663516068053,0.03866566166152407,5650,218.460988387611,1461332957.35921
0.82,3695700000.0,high,0.01,0.019357277882797726,0.039494837535431454,5894,232.782572433833,1557133140.828127
0.83,3695700000.0,high,0.01,0.02058601134215501,0.04197334858288234,5898,247.55880994184005,1655974599.9627254
0.84,3695700000.0,high,0.01,0.021852551984877126,0.04446526242159591,5910,262.7897009116318,1757857334.763003
0.85,3695700000.0,high,0.01,0.023156899810964086,0.045816920918593046,6078,278.47524534320854,1862781345.2289612
0.86,3695700000.0,high,0.01,0.024499054820415884,0.04818702048357376,6114,294.61544323657,1970746631.360599
0.87,3695700000.0,high,0.01,0.02587901701323252,0.050545768164969355,6157,311.2102945917163,2081753193.1579168
0.88,3695700000.0,high,0.01,0.027296786389413994,0.05184140862423365,6332,328.2597994086475,2195801030.6209145
0.89,3695700000.0,high,0.01,0.028752362948960313,0.05062429834368425,6830,345.7639576873635,2312890143.7495923
0.9,3695700000.0,high,0.01,0.03024574669187147,0.050251833300340464,7238,363.72276942786425,2433020532.54395
0.91,3695700000.0,high,0.01,0.03177693761814746,0.05278124787709252,7240,382.13623463014983,2556192197.0039873
0.92,3695700000.0,high,0.01,0.033345935727788295,0.05534911708684891,7245,401.0043532942204,2682405137.129705
0.93,3695700000.0,high,0.01,0.034952741020793966,0.05787238405893924,7263,420.32712542007573,2811659352.9211025
0.94,3695700000.0,high,0.01,0.03659735349716447,0.059642844695448664,7379,440.1045510077157,2943954844.378179
0.95,3695700000.0,high,0.01,0.03827977315689981,0.06199819933429501,7425,460.33663005714044,3079291611.500935
0.96,3695700000.0,high,0.01,0.04,0.06458423235343048,7448,481.02336256835025,3217669654.2893724
0.97,3695700000.0,high,0.01,0.04175803402646504,0.06678610833107394,7519,502.164748541345,3359088972.74349
0.98,3695700000.0,high,0.01,0.043553875236294906,0.06606468062261914,7928,523.7607879761246,3503549566.8632874
0.99,3695700000.0,high,0.01,0.04538752362948961,0.06754256662203795,8081,545.8114808726887,3651051436.648764
0.5,3695700000.0,high,0.03,0.0,0.0,3161,0.0,0.0
0.51,3695700000.0,high,0.03,5.671077504725909e-05,0.00021574824190991667,3161,0.6819801926772466,4561913.498519913
0.52,3695700000.0,high,0.03,0.00022684310018903636,0.0008511453262742547,3205,2.727920770708986,18247653.994079653
0.53,3695700000.0,high,0.03,0.0005103969754253319,0.0016917920987032029,3628,6.13782173409522,41057221.486679226
0.54,3695700000.0,high,0.03,0.0009073724007561454,0.0030076303976945824,3628,10.911683082835944,72990615.97631861
0.55,3695700000.0,high,0.03,0.0014177693761814772,0.004698127532910213,3629,17.049504816931165,114047837.46299782
0.56,3695700000.0,high,0.03,0.0020415879017013274,0.00675042258355262,3637,24.55128693638088,164228885.9467169
0.57,3695700000.0,high,0.03,0.0027788279773156865,0.008819485204852198,3789,33.41702944118498,223533761.42747504
0.58,3695700000.0,high,0.03,0.0036294896030245713,0.01151628821407484,3790,43.64673233134365,291962463.9052736
0.59,3695700000.0,high,0.03,0.004593572778827975,0.014575302270938477,3790,55.24039560685683,369514993.38011205
0.6,3695700000.0,high,0.03,0.005671077504725896,0.017956297858800555,3798,68.1980192677245,456191349.8519903
0.61,3695700000.0,high,0.03,0.0068620037807183365,0.021647325108590416,3812,82.51960331394666,551991533.3209084
0.62,3695700000.0,high,0.03,0.008166351606805294,0.025762105914355543,3812,98.20514774552333,656915543.7868663
0.63,3695700000.0,high,0.03,0.00958412098298677,0.030139815000641855,3824,115.25465256245445,770963381.249864
0.64,3695700000.0,high,0.03,0.011115311909262763,0.0348911818754216,3831,133.66811776474015,894135045.7099016
0.65,3695700000.0,high,0.03,0.012759924385633276,0.03555272088794723,4316,153.44554335238027,1026430537.166979
0.66,3695700000.0,high,0.03,0.01451795841209831,0.03795368028812498,4600,174.5869293253749,1167849855.6210964
0.67,3695700000.0,high,0.03,0.016389413988657855,0.042846146887766084,4600,197.09227568372398,1318393001.0722532
0.68,3695700000.0,high,0.03,0.018374291115311924,0.048035126614658176,4600,220.9615824274276,1478059973.52045
0.69,3695700000.0,high,0.03,0.020472589792060483,0.052876900677939306,4656,246.19484955648542,1646850772.9656847
0.7,3695700000.0,high,0.03,0.022684310018903583,0.05853907233281073,4660,272.792077070898,1824765399.4079611
0.71,3695700000.0,high,0.03,0.025009451795841207,0.06452548057727207,4661,300.75326497066516,2011803852.8472776
0.72,3695700000.0,high,0.03,0.027448015122873346,0.07080189044525668,4662,330.07841325578664,2207966133.2836337
0.73,3695700000.0,high,0.03,0.029999999999999995,0.07555340773324873,4775,360.7675219262627,2413252240.717029
0.74,3695700000.0,high,0.03,0.032665406427221176,0.07998790286745944,4911,392.8205909820933,2627662175.147465
0.75,3695700000.0,high,0.03,0.03544423440453687,0.08546974542275483,4987,426.2376204232783,2851195936.5749407
0.76,3695700000.0,high,0.03,0.03833648393194708,0.09244407664925162,4987,461.01861024981787,3083853524.999456
0.77,3695700000.0,high,0.03,0.041342155009451806,0.09917485746293873,5013,497.1635604617119,3325634940.421011
0.78,3695700000.0,high,0.03,0.04446124763705105,0.10665718552941561,5013,534.6724710589605,3576540182.8396063
0.79,3695700000.0,high,0.03,0.04769376181474482,0.11418382282332543,5023,573.5453420415636,3836569252.2552414
0.8,3695700000.0,high,0.03,0.051039697542533104,0.12212140338430581,5026,613.782173409521,4105722148.667916
0.81,3695700000.0,high,0.03,0.0544990548204159,0.11599698498457221,5650,655.382965162833,4383998872.07763
0.82,3695700000.0,high,0.03,0.058071833648393176,0.11848451260629435,5894,698.3477173014988,4671399422.484381
0.83,3695700000.0,high,0.03,0.06175803402646502,0.12592004574864699,5898,742.6764298255199,4967923799.888175
0.84,3695700000.0,high,0.03,0.06555765595463138,0.13339578726478774,5910,788.3691027348955,5273572004.289009
0.85,3695700000.0,high,0.03,0.06947069943289225,0.1374507627557791,6078,835.4257360296255,5588344035.686883
0.86,3695700000.0,high,0.03,0.07349716446124764,0.14456106145072128,6114,883.84632970971,5912239894.081797
0.87,3695700000.0,high,0.03,0.07763705103969755,0.15163730449490806,6157,933.630883775149,6245259579.47375
0.88,3695700000.0,high,0.03,0.08189035916824199,0.15552422587270093,6332,984.7793982259423,6587403091.862743
0.89,3695700000.0,high,0.03,0.08625708884688094,0.15187289503105275,6830,1037.2918730620902,6938670431.248776
0.9,3695700000.0,high,0.03,0.0907372400756144,0.15075549990102138,7238,1091.1683082835928,7299061597.631849
0.91,3695700000.0,high,0.03,0.09533081285444238,0.15834374363127754,7240,1146.4087038904495,7668576591.011962
0.92,3695700000.0,high,0.03,0.10003780718336487,0.16604735126054673,7245,1203.013059882661,8047215411.389114
0.93,3695700000.0,high,0.03,0.10485822306238189,0.1736171521768177,7263,1260.9813762602269,8434978058.763307
0.94,3695700000.0,high,0.03,0.10979206049149338,0.17892853408634596,7379,1320.3136530231468,8831864533.134535
0.95,3695700000.0,high,0.03,0.11483931947069942,0.18599459800288506,7425,1381.0098901714216,9237874834.502806
0.96,3695700000.0,high,0.03,0.11999999999999998,0.19375269706029144,7448,1443.0700877050506,9653008962.868116
0.97,3695700000.0,high,0.03,0.1252741020793951,0.20035832499322181,7519,1506.4942456240349,10077266918.23047
0.98,3695700000.0,high,0.03,0.1306616257088847,0.19819404186785736,7928,1571.2823639283731,10510648700.58986
0.99,3695700000.0,high,0.03,0.13616257088846884,0.20262769986611384,8081,1637.434442618066,10953154309.946293
0.5,3695700000.0,high,0.075,0.0,0.0,3161,0.0,0.0
0.51,3695700000.0,high,0.075,0.00014177693761814773,0.0005393706047747917,3161,1.7049504816931167,11404783.746299785
0.52,3695700000.0,high,0.075,0.0005671077504725909,0.002127863315685637,3205,6.819801926772467,45619134.98519914
0.53,3695700000.0,high,0.075,0.0012759924385633296,0.004229480246758006,3628,15.344554335238048,102643053.71669805
0.54,3695700000.0,high,0.075,0.0022684310018903637,0.007519075994236457,3628,27.279207707089867,182476539.94079655
0.55,3695700000.0,high,0.075,0.0035444234404536927,0.011745318832275533,3629,42.62376204232791,285119593.65749454
0.56,3695700000.0,high,0.075,0.0051039697542533185,0.016876056458881548,3637,61.37821734095219,410572214.8667922
0.57,3695700000.0,high,0.075,0.006947069943289216,0.022048713012130492,3789,83.54257360296243,558834403.5686876
0.58,3695700000.0,high,0.075,0.009073724007561429,0.028790720535187105,3790,109.11683082835913,729906159.7631841
0.59,3695700000.0,high,0.075,0.011483931947069937,0.036438255677346196,3790,138.10098901714207,923787483.4502802
0.6,3695700000.0,high,0.075,0.014177693761814741,0.044890744647001386,3798,170.49504816931127,1140478374.6299758
0.61,3695700000.0,high,0.075,0.017155009451795843,0.054118312771476045,3812,206.2990082848667,1379978833.3022711
0.62,3695700000.0,high,0.075,0.020415879017013236,0.06440526478588886,3812,245.51286936380833,1642288859.467166
0.63,3695700000.0,high,0.075,0.023960302457466925,0.07534953750160464,3824,288.13663140613613,1927408453.12466
0.64,3695700000.0,high,0.075,0.027788279773156913,0.08722795468855399,3831,334.1702944118503,2235337614.274754
0.65,3695700000.0,high,0.075,0.03189981096408319,0.08888180221986808,4316,383.6138583809506,2566076342.917447
0.66,3695700000.0,high,0.075,0.03629489603024577,0.09488420072031244,4600,436.4673233134372,2919624639.0527406
0.67,3695700000.0,high,0.075,0.04097353497164464,0.10711536721941523,4600,492.73068920931,3295982502.680633
0.68,3695700000.0,high,0.075,0.04593572778827981,0.12008781653664545,4600,552.4039560685691,3695149933.8011255
0.69,3695700000.0,high,0.075,0.05118147448015121,0.13219225169484827,4656,615.4871238912135,4117126932.414212
0.7,3695700000.0,high,0.075,0.056710775047258966,0.14634768083202684,4660,681.9801926772451,4561913498.519903
0.71,3695700000.0,high,0.075,0.06252362948960302,0.1613137014431802,4661,751.8831624266629,5029509632.118195
0.72,3695700000.0,high,0.075,0.06862003780718337,0.17700472611314175,4662,825.1960331394669,5519915333.2090845
0.73,3695700000.0,high,0.075,0.075,0.18888351933312184,4775,901.9188048156568,6033130601.792573
0.74,3695700000.0,high,0.075,0.08166351606805294,0.19996975716864862,4911,982.0514774552333,6569155437.868664
0.75,3695700000.0,high,0.075,0.08861058601134217,0.21367436355688707,4987,1065.5940510581959,7127989841.437351
0.76,3695700000.0,high,0.075,0.0958412098298677,0.23111019162312907,4987,1152.5465256245448,7709633812.49864
0.77,3695700000.0,high,0.075,0.10335538752362952,0.24793714365734687,5013,1242.9089011542799,8314087351.052528
0.78,3695700000.0,high,0.075,0.11115311909262765,0.266642963823539,5013,1336.6811776474012,8941350457.099016
0.79,3695700000.0,high,0.075,0.11923440453686206,0.28545955705831355,5023,1433.863355103909,9591423130.638103
0.8,3695700000.0,high,0.075,0.12759924385633276,0.3053035084607645,5026,1534.4554335238022,10264305371.669788
0.81,3695700000.0,high,0.075,0.13624763705103976,0.2899924624614305,5650,1638.4574129070825,10959997180.194075
0.82,3695700000.0,high,0.075,0.14517958412098295,0.2962112815157359,5894,1745.8692932537474,11678498556.210953
0.83,3695700000.0,high,0.075,0.15439508506616256,0.31480011437161753,5898,1856.6910745638002,12419809499.72044
0.84,3695700000.0,high,0.075,0.16389413988657844,0.3334894681619693,5910,1970.9227568372385,13183930010.722523
0.85,3695700000.0,high,0.075,0.17367674858223062,0.34362690688944775,6078,2088.5643400740632,13970860089.217207
0.86,3695700000.0,high,0.075,0.1837429111531191,0.3614026536268032,6114,2209.6158242742745,14780599735.20449
0.87,3695700000.0,high,0.075,0.1940926275992439,0.37909326123727016,6157,2334.077209437872,15613148948.684376
0.88,3695700000.0,high,0.075,0.20472589792060497,0.38881056468175235,6332,2461.948495564856,16468507729.656858
0.89,3695700000.0,high,0.075,0.2156427221172023,0.37968223757763186,6830,2593.2296826552256,17346676078.12194
0.9,3695700000.0,high,0.075,0.226843100189036,0.3768887497525535,7238,2727.920770708982,18247653994.079624
0.91,3695700000.0,high,0.075,0.23832703213610598,0.3958593590781939,7240,2866.021759726124,19171441477.529907
0.92,3695700000.0,high,0.075,0.2500945179584122,0.4151183781513668,7245,3007.5326497066526,20118038528.472786
0.93,3695700000.0,high,0.075,0.26214555765595476,0.43404288044204425,7263,3152.4534406505672,21087445146.908268
0.94,3695700000.0,high,0.075,0.2744801512287335,0.4473213352158649,7379,3300.7841325578675,22079661332.836338
0.95,3695700000.0,high,0.075,0.2870982986767486,0.4649864950072127,7425,3452.524725428554,23094687086.257015
0.96,3695700000.0,high,0.075,0.3,0.48438174265072864,7448,3607.675219262627,24132522407.17029
0.97,3695700000.0,high,0.075,0.3131852551984878,0.5008958124830545,7519,3766.235614060087,25193167295.576176
0.98,3695700000.0,high,0.075,0.3266540642722118,0.49548510466964346,7928,3928.2059098209334,26276621751.474655
0.99,3695700000.0,high,0.075,0.3404064272211721,0.5065692496652846,8081,4093.586106545165,27382885774.86573
0.5,3695700000.0,high,0.5,0.0,0.0,3161,0.0,0.0
0.51,3695700000.0,high,0.5,0.0009451795841209849,0.0035958040318319444,3161,11.366336544620776,76031891.64199856
0.52,3695700000.0,high,0.5,0.0037807183364839394,0.014185755437904245,3205,45.46534617848311,304127566.56799424
0.53,3695700000.0,high,0.5,0.008506616257088864,0.02819653497838671,3628,102.29702890158698,684287024.777987
0.54,3695700000.0,high,0.5,0.015122873345935758,0.05012717329490971,3628,181.86138471393244,1216510266.271977
0.55,3695700000.0,high,0.5,0.02362948960302462,0.07830212554850355,3629,284.15841361551935,1900797291.0499637
0.56,3695700000.0,high,0.5,0.034026465028355456,0.11250704305921032,3637,409.18811560634794,2737148099.111948
0.57,3695700000.0,high,0.5,0.04631379962192811,0.14699142008086996,3789,556.9504906864163,3725562690.457917
0.58,3695700000.0,high,0.5,0.060491493383742864,0.1919381369012474,3790,727.4455388557276,4866041065.087894
0.59,3695700000.0,high,0.5,0.07655954631379959,0.2429217045156413,3790,920.6732601142805,6158583223.001868
0.6,3695700000.0,high,0.5,0.09451795841209827,0.29927163098000925,3798,1136.6336544620751,7603189164.199839
0.61,3695700000.0,high,0.5,0.11436672967863895,0.3607887518098404,3812,1375.3267218991116,9199858888.681808
0.62,3695700000.0,high,0.5,0.13610586011342157,0.4293684319059258,3812,1636.752462425389,10948592396.447773
0.63,3695700000.0,high,0.5,0.15973534971644618,0.5023302500106976,3824,1920.9108760409079,12849389687.497736
0.64,3695700000.0,high,0.5,0.18525519848771274,0.5815196979236933,3831,2227.801962745669,14902250761.831694
0.65,3695700000.0,high,0.5,0.2126654064272213,0.592545348132454,4316,2557.4257225396714,17107175619.44965
0.66,3695700000.0,high,0.5,0.2419659735349718,0.6325613381354163,4600,2909.782155422915,19464164260.351604
0.67,3695700000.0,high,0.5,0.27315689981096425,0.7141024481294347,4600,3284.8712613953994,21973216684.53755
0.68,3695700000.0,high,0.5,0.30623818525519875,0.8005854435776364,4600,3682.6930404571276,24634332892.007504
0.69,3695700000.0,high,0.5,0.34120982986767473,0.8812816779656552,4656,4103.24749260809,27447512882.761414
0.7,3695700000.0,high,0.5,0.3780718336483931,0.9756512055468456,4660,4546.5346178483005,30412756656.799355
0.71,3695700000.0,high,0.5,0.4168241965973535,1.0754246762878679,4661,5012.5544161777525,33530064214.121296
0.72,3695700000.0,high,0.5,0.4574669187145558,1.180031507420945,4662,5501.306887596446,36799435554.727234
0.73,3695700000.0,high,0.5,0.5,1.2592234622208123,4775,6012.792032104378,40220870678.61716
0.74,3695700000.0,high,0.5,0.5444234404536863,1.3331317144576575,4911,6547.009849701556,43794369585.79109
0.75,3695700000.0,high,0.5,0.5907372400756145,1.4244957570459138,4987,7103.960340387972,47519932276.24901
0.76,3695700000.0,high,0.5,0.6389413988657847,1.5407346108208608,4987,7683.643504163633,51397558749.990944
0.77,3695700000.0,high,0.5,0.6890359168241968,1.6529142910489794,5013,8286.059341028533,55427249007.01686
0.78,3695700000.0,high,0.5,0.741020793950851,1.7776197588235936,5013,8911.207850982675,59609003047.326775
0.79,3695700000.0,high,0.5,0.7948960302457471,1.9030637137220905,5023,9559.089034026061,63942820870.92069
0.8,3695700000.0,high,0.5,0.8506616257088851,2.0353567230717635,5026,10229.702890158684,68428702477.7986
0.81,3695700000.0,high,0.5,0.9083175803402652,1.9332830830762038,5650,10923.049419380552,73066647867.96051
0.82,3695700000.0,high,0.5,0.9678638941398864,1.9747418767715728,5894,11639.12862169165,77856657041.40636
0.83,3695700000.0,high,0.5,1.0,2.038925748424679,5898,12025.584064208757,80441741357.23431
0.84,3695700000.0,high,0.5,1.0,2.0347857976664563,5910,12025.584064208757,80441741357.23431
0.85,3695700000.0,high,0.5,1.0,1.978542952321283,6078,12025.584064208759,80441741357.23431
0.86,3695700000.0,high,0.5,1.0,1.966893042886614,6114,12025.584064208759,80441741357.23431
0.87,3695700000.0,high,0.5,1.0,1.9531564177698162,6157,12025.584064208759,80441741357.23431
0.88,3695700000.0,high,0.5,1.0,1.89917625777144,6332,12025.584064208757,80441741357.23431
0.89,3695700000.0,high,0.5,1.0,1.7607004486396425,6830,12025.584064208759,80441741357.23431
0.9,3695700000.0,high,0.5,1.0,1.661451238492506,7238,12025.584064208759,80441741357.23431
0.91,3695700000.0,high,0.5,1.0,1.660992274061983,7240,12025.584064208757,80441741357.23431
0.92,3695700000.0,high,0.5,1.0,1.6598459715954117,7245,12025.584064208757,80441741357.23431
0.93,3695700000.0,high,0.5,1.0,1.6557323508479633,7263,12025.584064208757,80441741357.23431
0.94,3695700000.0,high,0.5,1.0,1.6297037625977446,7379,12025.584064208757,80441741357.23431
0.95,3695700000.0,high,0.5,1.0,1.619607281374917,7425,12025.584064208759,80441741357.23431
0.96,3695700000.0,high,0.5,1.0,1.6146058088357622,7448,12025.584064208757,80441741357.23431
0.97,3695700000.0,high,0.5,1.0,1.599359497833323,7519,12025.584064208755,80441741357.23431
0.98,3695700000.0,high,0.5,1.0,1.516849654920378,7928,12025.584064208757,80441741357.23431
0.99,3695700000.0,high,0.5,1.0,1.4881306848420686,8081,12025.584064208757,80441741357.23431
