tau,TP,FP,FN,TN,FNR,FPR,exposure_index,rev_index_linear,rev_index_exp,severity_s
0.0,8121,91879,0,0,0.0,1.0,0.0,1.0,1.0,0.0
0.01,7858,44406,263,47473,0.03238517423962566,0.48330957019558335,0.08320151850680164,1.0,1.0,0.0
0.02,7771,39752,350,52127,0.04309814062307597,0.43265599320845893,0.11072445428661816,1.0,1.0,0.0
0.03,7507,32239,614,59640,0.075606452407339,0.35088540362868553,0.19424232837709585,1.0,1.0,0.0
0.04,7485,31524,636,60355,0.07831547838936091,0.3431034295105519,0.201202151217969,1.0,1.0,0.0
0.05,7424,30066,697,61813,0.08582686861223987,0.3272347326374906,0.22049984182220816,1.0,1.0,0.0
0.06,7277,27524,844,64355,0.10392808767393179,0.2995679099685456,0.2670041126225878,1.0,1.0,0.0
0.07,7277,27522,844,64357,0.10392808767393179,0.29954614220877457,0.2670041126225878,1.0,1.0,0.0
0.08,7263,27101,858,64778,0.10565201329885482,0.2949640287769784,0.27143309079405253,1.0,1.0,0.0
0.09,7251,26690,870,65189,0.10712966383450313,0.29049075414403724,0.27522935779816515,1.0,1.0,0.0
0.1,7250,26628,871,65251,0.1072528013791405,0.28981595359113616,0.2755457133818412,1.0,1.0,0.0
0.11,7172,25083,949,66796,0.11685752986085457,0.2730003591680362,0.3002214489085732,1.0,1.0,0.0
0.12,7164,24914,957,66965,0.11784263021795345,0.27116098346738643,0.30275229357798167,1.0,1.0,0.0
0.13,7145,24394,976,67485,0.12018224356606329,0.26550136592692564,0.30876304966782664,1.0,1.0,0.0
0.14,7145,24387,976,67492,0.12018224356606329,0.26542517876772714,0.30876304966782664,1.0,1.0,0.0
0.15,6791,20429,1330,71450,0.16377293436768872,0.22234678218091186,0.420752926289149,1.0,1.0,0.0
0.16,6772,20230,1349,71649,0.16611254771579856,0.22018089008369704,0.426763682378994,1.0,1.0,0.0
0.17,6772,20223,1349,71656,0.16611254771579856,0.22010470292449852,0.426763682378994,1.0,1.0,0.0
0.18,6771,20219,1350,71660,0.16623568526043592,0.22006116740495651,0.42708003796267,1.0,1.0,0.0
0.19,6758,19803,1363,72076,0.16783647334072158,0.21553347337258785,0.43119266055045874,1.0,1.0,0.0
0.2,6404,16535,1717,75344,0.211427164142347,0.1799649539067687,0.5431825371717811,1.0,1.0,0.0
0.21,6307,15699,1814,76180,0.22337150597217093,0.17086603032248937,0.5738690287883581,1.0,1.0,0.0
0.22,6307,15699,1814,76180,0.22337150597217093,0.17086603032248937,0.5738690287883581,1.0,1.0,0.0
0.23,6305,15693,1816,76186,0.22361778106144564,0.17080072704317636,0.5745017399557102,1.0,1.0,0.0
0.24,6305,15692,1816,76187,0.22361778106144564,0.17078984316329085,0.5745017399557102,1.0,1.0,0.0
0.25,6303,15638,1818,76241,0.22386405615072036,0.17020211364947377,0.5751344511230623,1.0,1.0,0.0
0.26,6139,14531,1982,77348,0.24405861347124738,0.15815365861622352,0.6270167668459349,1.0,1.0,0.0
0.27,6139,14528,1982,77351,0.24405861347124738,0.158121006976567,0.6270167668459349,1.0,1.0,0.0
0.28,6139,14528,1982,77351,0.24405861347124738,0.158121006976567,0.6270167668459349,1.0,1.0,0.0
0.29,6089,14248,2032,77631,0.2502154907031154,0.15507352060862656,0.6428345460297374,1.0,1.0,0.0
0.3,6089,14248,2032,77631,0.2502154907031154,0.15507352060862656,0.6428345460297374,1.0,1.0,0.0
0.31,6057,14027,2064,77852,0.2541558921315109,0.15266818315393071,0.6529579247073711,1.0,1.0,0.0
0.32,6057,14027,2064,77852,0.2541558921315109,0.15266818315393071,0.6529579247073711,1.0,1.0,0.0
0.33,6057,14026,2064,77853,0.2541558921315109,0.1526572992740452,0.6529579247073711,1.0,1.0,0.0
0.34,5912,13306,2209,78573,0.27201083610392807,0.14482090575648407,0.6988294843403986,1.0,1.0,0.0
0.35,5723,12329,2398,79550,0.2952838320403891,0.13418735510834903,0.7586206896551724,1.0,1.0,0.0
0.36,5575,11303,2546,80576,0.31350818864671837,0.1230204943458244,0.8054413160392281,1.0,1.0,0.0
0.37,5575,11303,2546,80576,0.31350818864671837,0.1230204943458244,0.8054413160392281,1.0,1.0,0.0
0.38,5574,11293,2547,80586,0.31363132619135575,0.12291165554696938,0.8057576716229041,1.0,1.0,0.0
0.39,5573,11292,2548,80587,0.3137544637359931,0.12290077166708388,0.8060740272065802,1.0,1.0,0.0
0.4,5428,10565,2693,81314,0.3316094077084103,0.11498819099032423,0.8519455868396077,1.0,1.0,0.0
0.41,5187,9355,2934,82524,0.361285555966014,0.10181869632886731,0.9281872825055362,1.0,1.0,0.0
0.42,5187,9333,2934,82546,0.361285555966014,0.10157925097138627,0.9281872825055362,1.0,1.0,0.0
0.43,5143,8955,2978,82924,0.36670360793005785,0.09746514437466668,0.9421069281872825,1.0,1.0,0.0
0.44,5139,8919,2982,82960,0.36719615810860734,0.09707332469878863,0.9433723505219868,1.0,1.0,0.0
0.45,5138,8911,2983,82968,0.36731929565324467,0.0969862536597046,0.9436887061056628,1.0,1.0,0.0
0.46,5027,8488,3094,83391,0.38098756310799164,0.09238237246813744,0.9788041758937045,1.0,1.0,0.0
0.47,4993,8360,3128,83519,0.3851742396256619,0.09098923584279324,0.9895602657386903,1.0,1.0,0.0
0.48,4993,8359,3128,83520,0.3851742396256619,0.09097835196290774,0.9895602657386903,1.0,1.0,0.0
0.49,4960,8239,3161,83640,0.38923777859869474,0.08967228637664755,1.0,1.0,1.0,0.0
0.5,4960,8239,3161,83640,0.38923777859869474,0.08967228637664755,1.0,1.0,1.0,0.0
0.51,4960,8239,3161,83640,0.38923777859869474,0.08967228637664755,1.0,1.0,1.0,0.04347826086956526
0.52,4916,7955,3205,83924,0.39465583056273856,0.0865812644891651,1.0139196456817463,0.9860803543182537,0.9808882636943829,0.08695652173913052
0.53,4493,6631,3628,85248,0.44674301194434185,0.072171007520761,1.1477380575767162,0.8522619424232838,0.8148033883431319,0.1304347826086958
0.54,4493,6630,3628,85249,0.44674301194434185,0.0721601236408755,1.1477380575767162,0.8522619424232838,0.8148033883431319,0.17391304347826103
0.55,4492,6630,3629,85249,0.4468661494889792,0.0721601236408755,1.1480544131603923,0.8519455868396077,0.8144461249174929,0.2173913043478263
0.56,4484,6603,3637,85276,0.44785124984607805,0.07186625888396696,1.1505852578298006,0.8494147421701994,0.8115936510673307,0.2608695652173916
0.57,4332,6146,3789,85733,0.4665681566309568,0.06689232577629273,1.1986713065485606,0.8013286934514394,0.7592555145072053,0.3043478260869563
0.58,4331,6145,3790,85734,0.46669129417559413,0.06688144189640723,1.1989876621322366,0.8010123378677634,0.7589226069249239,0.3478260869565216
0.59,4331,6145,3790,85734,0.46669129417559413,0.06688144189640723,1.1989876621322366,0.8010123378677634,0.7589226069249239,0.39130434782608686
0.6,4323,6111,3798,85768,0.467676394532693,0.06651138998030018,1.201518506801645,0.798481493198355,0.7562645957633266,0.4347826086956521
0.61,4309,6019,3812,85860,0.46940032015761607,0.06551007303083403,1.2059474849731098,0.7940525150268902,0.7516354570686018,0.47826086956521735
0.62,4309,6017,3812,85862,0.46940032015761607,0.06548830527106303,1.2059474849731098,0.7940525150268902,0.7516354570686018,0.5217391304347826
0.63,4297,5952,3824,85927,0.47087797069326437,0.06478085307850542,1.2097437519772225,0.7902562480227775,0.7476901830102738,0.5652173913043479
0.64,4290,5926,3831,85953,0.4717399335057259,0.06449787220148238,1.2119582410629548,0.7880417589370452,0.7453983433939574,0.6086956521739132
0.65,3805,4733,4316,87146,0.5314616426548454,0.051513403498078994,1.36539069914584,0.63460930085416,0.6025774550191701,0.6521739130434784
0.66,3521,4111,4600,87768,0.5664327053318556,0.04474363020929701,1.4552356849098387,0.5447643150901613,0.5320112395068641,0.6956521739130437
0.67,3521,4111,4600,87768,0.5664327053318556,0.04474363020929701,1.4552356849098387,0.5447643150901613,0.5320112395068641,0.739130434782609
0.68,3521,4111,4600,87768,0.5664327053318556,0.04474363020929701,1.4552356849098387,0.5447643150901613,0.5320112395068641,0.7826086956521742
0.69,3465,3996,4656,87883,0.5733284078315478,0.043491984022464326,1.4729515975956975,0.5270484024043025,0.519104466002309,0.8260869565217389
0.7,3461,3990,4660,87889,0.5738209580100972,0.04342668074315132,1.4742170199304017,0.5257829800695983,0.5181946263858593,0.8695652173913042
0.71,3460,3989,4661,87890,0.5739440955547347,0.04341579686326582,1.474533375514078,0.5254666244859221,0.5179674157605489,0.9130434782608695
0.72,3459,3989,4662,87890,0.574067233099372,0.04341579686326582,1.474849731097754,0.525150268902246,0.5177403047593291,0.9565217391304347
0.73,3346,3776,4775,88103,0.5879817756433937,0.04109753044765398,1.5105979120531476,0.48940208794685236,0.49270778627517986,1.0
0.74,3210,3493,4911,88386,0.6047284817140747,0.03801739244005703,1.5536222714330907,0.44637772856690927,0.46417973907015647,1.0
0.75,3134,3372,4987,88507,0.614086935106514,0.03670044297391134,1.5776652957924708,0.42233470420752917,0.4489632953319298,1.0
0.76,3134,3372,4987,88507,0.614086935106514,0.03670044297391134,1.5776652957924708,0.42233470420752917,0.4489632953319298,1.0
0.77,3108,3295,5013,88584,0.6172885112670853,0.035862384222727715,1.5858905409680482,0.41410945903195184,0.44387301789898836,1.0
0.78,3108,3295,5013,88584,0.6172885112670853,0.035862384222727715,1.5858905409680482,0.41410945903195184,0.44387301789898836,1.0
0.79,3098,3258,5023,88621,0.6185198867134589,0.03545968066696416,1.5890540968048086,0.4109459031951914,0.44193062210180944,1.0
0.8,3095,3237,5026,88642,0.618889299347371,0.03523111918936862,1.5900031635558367,0.4099968364441633,0.44134956254978336,1.0
0.81,2471,2212,5650,89667,0.6957271272010837,0.024075142306729504,1.7874090477696931,0.21259095223030688,0.3356854484516263,1.0
0.82,2227,1890,5894,89989,0.7257726880925994,0.020570532983597994,1.8645998101866499,0.1354001898133501,0.3016192431044163,1.0
0.83,2223,1884,5898,89995,0.7262652382711489,0.020505229704284984,1.865865232521354,0.13413476747864594,0.30109059202465704,1.0
0.84,2211,1858,5910,90021,0.7277428888067972,0.02022224882726194,1.8696614995254666,0.13033850047453344,0.2995101917245512,1.0
0.85,2043,1646,6078,90233,0.7484299963058737,0.017914866291535606,1.9228092375830435,0.07719076241695655,0.2782361007512182,1.0
0.86,2007,1579,6114,90300,0.7528629479128186,0.017185646339207,1.9341980385953812,0.0658019614046188,0.27387774095265277,1.0
0.87,1964,1521,6157,90358,0.758157862332225,0.01655438130584791,1.9478013286934515,0.05219867130654854,0.26876130442996427,1.0
0.88,1789,1328,6332,90551,0.7797069326437631,0.014453792487946104,2.0031635558367604,0.0,0.24890599579223524,1.0
0.89,1291,851,6830,91028,0.8410294298731683,0.009262181782561848,2.1607086365074344,0.0,0.20007082748650945,1.0
0.9,883,531,7238,91348,0.8912695480852112,0.005779340219201341,2.2897817146472637,0.0,0.167291560412766,1.0
0.91,881,528,7240,91351,0.8915158231744859,0.005746688579544836,2.2904144258146157,0.0,0.16714488931669233,1.0
0.92,876,525,7245,91354,0.8921315108976727,0.005714036939888332,2.291996203732996,0.0,0.16677877392132676,1.0
0.93,858,511,7263,91368,0.8943479867011451,0.005561662621491309,2.2976906042391647,0.0,0.1654673859824046,1.0
0.94,742,417,7379,91462,0.9086319418790789,0.0045385779122541605,2.334387851945587,0.0,0.15726006883581767,1.0
0.95,696,388,7425,91491,0.9142962689323975,0.004222945395574614,2.3489402087946853,0.0,0.15411931482780705,1.0
0.96,673,380,7448,91499,0.9171284324590567,0.004135874356490602,2.3562163872192343,0.0,0.15257253906003623,1.0
0.97,602,332,7519,91547,0.9258711981283093,0.003613448121986526,2.378677633660234,0.0,0.14789495372627084,1.0
0.98,193,80,7928,91799,0.9762344538849895,0.0008707103908401267,2.5080670673837395,0.0,0.12360987136874656,1.0
0.99,40,5,8081,91874,0.9950744982145056,5.4419399427507917e-05,2.5564694716861753,0.0,0.11558780147855181,1.0
